date,spx,gex_pct,dix_pct,vix,reset,gamma_ran
2026-06-15,7554.29,58.6,37.8,16.2,0,1
2026-06-16,7511.35,46.6,43.4,16.41,0,0
2026-06-17,7420.1,21.1,37.5,18.44,1,0
2026-06-18,7500.58,70.5,35.1,16.4,0,1
2026-06-22,7472.79,15.1,11.2,17.28,1,0
2026-06-23,7365.46,8.8,2.8,19.49,1,0
2026-06-24,7358.22,4.4,2.4,18.63,1,0
2026-06-25,7357.49,8.0,3.6,18.89,1,0
2026-06-26,7354.02,0.4,18.7,18.41,1,0
2026-06-29,7440.43,22.7,17.5,17.65,1,0
2026-06-30,7499.36,29.1,61.8,16.45,1,0
2026-07-01,7483.23,43.0,28.7,16.59,0,0
2026-07-02,7483.24,61.8,3.2,16.15,0,1
2026-07-06,7537.43,64.9,13.1,15.57,0,1
2026-07-07,7503.85,36.7,9.2,16.13,0,0
2026-07-08,7482.71,26.7,25.9,16.9,1,0
2026-07-09,7543.64,61.4,31.5,15.84,0,0
2026-07-10,7575.39,92.8,44.6,15.03,0,1
2026-07-13,7515.34,37.8,20.3,17.16,0,0
2026-07-14,7543.59,50.6,15.5,16.5,0,0
2026-07-15,7572.4,78.5,11.2,15.67,0,1
2026-07-16,7533.77,36.3,9.2,16.73,0,0
2026-07-17,7457.69,31.5,46.6,18.77,0,0
2026-07-20,7443.28,19.1,19.9,18.65,1,0
2026-07-21,7509.2,27.9,45.4,17.05,1,0
2026-07-22,7498.96,93.2,90.0,16.64,0,1
2026-07-23,7408.3,11.2,75.7,18.7,1,0
2026-07-24,7411.98,9.6,16.3,18.58,1,0
2026-07-27,7413.18,19.5,0.4,18.67,1,0
2026-07-28,7428.78,21.9,0.4,18.21,1,0
2026-07-29,7316.15,49.4,11.6,20.66,0,0
2026-07-30,7437.63,24.3,48.6,17.09,1,0
2026-07-31,7489.72,44.6,56.6,15.99,0,0
2026-08-03,7600.5,60.2,74.5,15.86,0,0
2026-08-04,7736.52,88.4,47.8,16.5,0,0
2026-08-05,7723.55,99.2,68.5,15.81,0,0
2026-08-06,7709.96,81.7,54.2,15.15,0,0
2026-08-07,7757.64,92.8,55.4,14.9,0,0
2026-08-10,7753.11,85.3,90.4,15.46,0,0
2026-08-11,7728.2,65.3,19.5,15.28,0,0
2026-08-12,7748.5,99.2,33.5,14.55,0,0
2026-08-13,7798.99,94.0,80.5,14.63,0,0
2026-08-14,7785.76,99.2,77.7,14.25,0,0
2026-08-17,7745.06,62.9,84.1,15.19,0,0
2026-08-18,7691.76,43.8,28.7,15.84,0,0
2026-08-19,7707.98,59.8,27.9,14.89,0,0
2026-08-20,7641.16,31.1,69.7,16.01,0,0
2026-08-21,7674.37,23.1,70.5,15.13,1,0
2026-08-24,7652.86,39.0,36.3,15.85,0,0
2026-08-25,7677.28,41.4,79.7,15.45,0,0
2026-08-26,7675.7,44.6,62.2,15.21,0,0
2026-08-27,7730.99,61.8,47.8,14.51,0,0
2026-08-28,7711.76,27.1,66.9,14.43,1,0
2026-08-31,7686.14,32.3,78.9,14.92,0,0
2026-09-01,7631.47,28.7,81.3,16.34,1,0
2026-09-02,7666.6,48.6,74.1,15.2,0,0
2026-09-03,7747.71,89.6,53.8,14.32,0,1
2026-09-04,7718.6,86.1,87.6,14.53,0,1
2026-09-08,7673.52,47.8,92.8,15.72,0,0
2026-09-09,7636.36,34.7,90.8,16.46,0,0
2026-09-10,7591.7,44.2,95.2,17.84,0,0
2026-09-11,7656.98,85.7,88.8,15.84,0,1
2026-09-14,7619.98,36.3,96.4,17.1,0,0
2026-09-15,7585.73,40.2,72.1,17.2,0,0
2026-09-16,7551.81,21.5,97.6,17.71,1,0
2026-09-17,7637.76,70.5,97.6,15.44,0,0
2026-09-18,7650.5,97.2,100.0,14.81,0,1
2026-09-21,7764.7,84.9,76.5,14.87,0,1
2026-09-22,7764.64,86.9,88.0,14.21,0,1
2026-09-23,7706.03,54.6,83.7,15.18,0,0
2026-09-24,7704.13,62.2,85.3,15.67,0,0
2026-09-25,7743.41,79.7,90.4,14.87,0,0
2026-09-28,7683.69,29.5,81.7,16.07,1,0
2026-09-29,7670.84,33.1,80.1,16.04,0,0
2026-09-30,7651.54,46.2,85.7,16.34,0,0
2026-10-01,7666.45,44.2,81.3,16.39,0,0
2026-10-02,7722.72,80.9,97.2,15.31,0,1
2026-10-05,7773.95,86.1,88.8,15.52,0,1
2026-10-06,7818.93,91.2,90.4,15.01,0,1
2026-10-07,7801.77,82.1,87.6,15.08,0,0
2026-10-08,7765.36,61.8,91.2,15.41,0,0
