rank,prediction_score,pair_id,gene_concept_id,gene_curie,gene_label,disease_concept_id,disease_curie,disease_label,seed_phenotype_count,seed_phenotype_rarity_score,shared_phenotype_count,shared_phenotype_rarity_score,phenotype_jaccard
1,0.454402,6ac0408376564a2dd72a6d15fba61f70,52215,NCBIGene:5230,PGK1,9295,MONDO:0009295,glycogen storage disease VII,4,0.2506211180124224,9,0.3163814137596268,0.15
2,0.454402,2ac3d195d4616950f03f5c496c015063,54075,NCBIGene:28981,IFT81,13127,MONDO:0013127,asphyxiating thoracic dystrophy 3,5,0.15872157505498577,8,0.16972687585663143,0.14545454545454545
3,0.454402,6f44beba10e71423b69f97df31e5aa4f,53394,NCBIGene:9922,IQSEC1,10574,MONDO:0010574,syndromic X-linked intellectual disability 5,5,0.012698173763571454,8,0.014127359241588717,0.1509433962264151
4,0.454402,bdf31cb1be5baed27a2f11c8d05e509f,54974,NCBIGene:81562,LMAN2L,10574,MONDO:0010574,syndromic X-linked intellectual disability 5,5,0.00837483636715414,7,0.01021967022506754,0.12962962962962962
5,0.454402,7374a78ecddc6539e5f22bb1b0cf2253,54199,NCBIGene:51206,GP6,9276,MONDO:0009276,Bernard-Soulier syndrome,5,0.3195603856778207,6,0.31979305203426556,0.14634146341463414
6,0.454402,5f4edfc5a642684c091b500f6ec1fd47,52889,NCBIGene:7374,UNG,10626,MONDO:0010626,hyper-IgM syndrome type 1,6,0.2568987776697022,6,0.2568987776697022,0.13043478260869565
7,0.454402,8ade95488dee5aec5c55aeb49ceae274,54629,NCBIGene:57379,AICDA,10626,MONDO:0010626,hyper-IgM syndrome type 1,5,0.2517441384944445,6,0.2568987776697022,0.125
8,0.454402,87b9eb0a8d87b7cdd84887a6e22ffcb4,53474,NCBIGene:10235,RASGRP2,9276,MONDO:0009276,Bernard-Soulier syndrome,5,0.16479848091591595,6,0.1650311472723608,0.15
9,0.454402,f15720efe3091ab2f90801f17868ce9d,54377,NCBIGene:54938,SARS2,8073,MONDO:0008073,familial juvenile hyperuricemic nephropathy type 1,4,0.09970678624383687,6,0.11630202196595388,0.09836065573770492
10,0.454402,77e22e2855b585534891216764b9f3a7,51007,NCBIGene:1337,COX6A1,10549,MONDO:0010549,Charcot-Marie-Tooth disease X-linked dominant 1,5,0.041083692329643165,6,0.04354069478664562,0.13953488372093023
11,0.454402,b3a5da7c8683b869e443bfc127062844,50880,NCBIGene:948,CD36,9276,MONDO:0009276,Bernard-Soulier syndrome,5,0.22137654672047613,5,0.22137654672047613,0.13513513513513514
12,0.454402,246ff0154f56d4c9e589c2ce0e46cc26,54976,NCBIGene:81575,APOLD1,9276,MONDO:0009276,Bernard-Soulier syndrome,4,0.1556128876248344,5,0.15584555398127928,0.12195121951219512
13,0.454402,928a3a290bc08053b0d4535f5cf642ac,54209,NCBIGene:51293,CD320,10185,MONDO:0010185,methylmalonic aciduria and homocystinuria type cblD,5,0.1380863180953034,5,0.1380863180953034,0.14285714285714285
14,0.454402,3c67a9f094571c79a610f510c6d77745,54186,NCBIGene:51134,CEP83,8073,MONDO:0008073,familial juvenile hyperuricemic nephropathy type 1,4,0.1317991428014806,5,0.134305408465641,0.10416666666666667
15,0.454402,2b1bdaac018f4f2c93b345b796a2fd91,54782,NCBIGene:64805,P2RY12,9276,MONDO:0009276,Bernard-Soulier syndrome,5,0.12188115364172514,5,0.12188115364172514,0.125
16,0.454402,141c1cc7b9c4e85121f15adea1f54947,51076,NCBIGene:1534,CYB561,9287,MONDO:0009287,glycogen storage disease due to glucose-6-phosphatase deficiency type IA,5,0.04210611826381953,5,0.04210611826381953,0.15151515151515152
17,0.454402,490625d484c5c0ced6cd57f61e1c1e8a,54665,NCBIGene:57609,DIP2B,10298,MONDO:0010298,Lesch-Nyhan syndrome,5,0.0047608368454568496,5,0.0047608368454568496,0.1111111111111111
18,0.454402,02901b420838366b366491dedd50d90f,54572,NCBIGene:56776,FMN2,10327,MONDO:0010327,HSD10 mitochondrial disease,5,0.003765554092138941,5,0.003765554092138941,0.15151515151515152
19,0.454402,152896f9eedcc10a974e082496b80d42,52746,NCBIGene:6915,TBXA2R,23125,MONDO:0031332,Glanzmann thrombasthenia 1,4,0.21571417440786228,4,0.21571417440786228,0.10256410256410256
20,0.454402,447151a2b04c13f7e266e120ace09d51,54782,NCBIGene:64805,P2RY12,10604,MONDO:0010604,hemophilia B,4,0.11358912318876448,4,0.11358912318876448,0.12121212121212122
21,0.454402,10ac1412707f1e20613aebc905e43c56,50655,NCBIGene:272,AMPD3,9295,MONDO:0009295,glycogen storage disease VII,4,0.11131253137331774,4,0.11131253137331774,0.12903225806451613
22,0.454402,00cf142ba1a1441cf0d5c867817d9a4f,53474,NCBIGene:10235,RASGRP2,10604,MONDO:0010604,hemophilia B,4,0.08269667467617867,4,0.08269667467617867,0.11764705882352941
23,0.452696,4ef9142e53cebcc3ea5a5a7134cd29a6,54521,NCBIGene:55788,LMBRD1,10184,MONDO:0010184,methylmalonic aciduria and homocystinuria type cblC,4,1.0357142857142858,28,1.796417982727539,0.25688073394495414
24,0.452696,f99cd6a1f6721d23903bec9cc871e6e7,51978,NCBIGene:4552,MTRR,10184,MONDO:0010184,methylmalonic aciduria and homocystinuria type cblC,5,0.6597222222222222,26,0.9380313560043942,0.2222222222222222
25,0.452696,3bf73f89967211e6d30be8b4fc8a1c79,54052,NCBIGene:27249,MMADHC,10184,MONDO:0010184,methylmalonic aciduria and homocystinuria type cblC,4,0.6845238095238095,25,1.5545576137199877,0.19083969465648856
26,0.452696,8601ede272e56e0a548a4245d2799dbd,51374,NCBIGene:2538,G6PC1,9288,MONDO:0009288,glycogen storage disease Ib,6,0.7117685518143184,25,0.972521234074918,0.36764705882352944
27,0.452696,d4d6d016874a1f5448a91f8bdedfa4ea,51976,NCBIGene:4548,MTR,10184,MONDO:0010184,methylmalonic aciduria and homocystinuria type cblC,6,0.6204984628897673,21,0.7044588631328896,0.2441860465116279
28,0.452696,90c934699d02e6b769de9799009f7808,55485,NCBIGene:166785,MMAA,10184,MONDO:0010184,methylmalonic aciduria and homocystinuria type cblC,4,0.5462662337662337,20,0.6091668543543611,0.2564102564102564
29,0.452696,813409f1f2c5856ecc113b5535c293ec,55650,NCBIGene:326625,MMAB,10184,MONDO:0010184,methylmalonic aciduria and homocystinuria type cblC,4,0.5462662337662337,19,0.6075449088765162,0.2375
30,0.452696,039571bbba7fd4832518bd13ae55d027,52396,NCBIGene:5826,ABCD4,10184,MONDO:0010184,methylmalonic aciduria and homocystinuria type cblC,6,0.691468253968254,17,0.7874392585166544,0.19767441860465115
31,0.452696,d450380429f3117851d1884ad9c4546f,54072,NCBIGene:28960,DCPS,10283,MONDO:0010283,syndromic X-linked intellectual disability Lubs type,5,0.03211524637674645,13,0.043911703104154105,0.11926605504587157
32,0.452696,dbf6ad303ff6f63f9fa5aeb32937b9ac,51545,NCBIGene:3054,HCFC1,10184,MONDO:0010184,methylmalonic aciduria and homocystinuria type cblC,4,0.22056159420289856,12,0.22629090317523773,0.16
33,0.452696,6b114c9d8c7ae36f10e3d947001d8070,55130,NCBIGene:84905,ZNF341,7818,MONDO:0007818,"hyper-IgE recurrent infection syndrome 1, autosomal dominant",4,0.11499298264004146,10,0.14821968469642216,0.13513513513513514
34,0.452696,3d23fda4cdd7c6b5e4a73b6fc3475391,54133,NCBIGene:50617,ATP6V0A4,9216,MONDO:0009216,glycogen storage disease due to GLUT2 deficiency,5,0.09734062299618643,10,0.10342636949895631,0.136986301369863
35,0.452696,89676edf32ae570050c0ad0c77441881,53972,NCBIGene:26115,TANC2,10283,MONDO:0010283,syndromic X-linked intellectual disability Lubs type,6,0.03497355608100335,10,0.04005755832089887,0.09345794392523364
36,0.452696,c68c9245086caa2c7c494c61b040e1ab,55353,NCBIGene:129685,TAF8,10283,MONDO:0010283,syndromic X-linked intellectual disability Lubs type,5,0.14198007645376065,9,0.15092848754411267,0.08490566037735849
37,0.452696,1dd973dc0f1b9c6c4359a6e2958d50de,53276,NCBIGene:9414,TJP2,9216,MONDO:0009216,glycogen storage disease due to GLUT2 deficiency,4,0.1365909090909091,9,0.14919351257891844,0.11842105263157894
38,0.452696,efeaaa73dc8be076467ba60d58657d3c,53394,NCBIGene:9922,IQSEC1,10283,MONDO:0010283,syndromic X-linked intellectual disability Lubs type,5,0.0197141767984998,8,0.022572547754534326,0.0761904761904762
39,0.452696,e723cca9b505feb097ae7e1c861a9137,54422,NCBIGene:55180,LINS1,10283,MONDO:0010283,syndromic X-linked intellectual disability Lubs type,5,0.0115846237027624,8,0.014174286367958621,0.07766990291262135
40,0.452696,f70ea659a6b7cd8c405b6b2903d0d660,50751,NCBIGene:570,BAAT,9216,MONDO:0009216,glycogen storage disease due to GLUT2 deficiency,5,0.09017364892566325,7,0.09103170615140141,0.09722222222222222
41,0.452696,a7b4264d0b0041b0232c5704cda148ef,54195,NCBIGene:51185,CRBN,10235,MONDO:0010235,X-linked intellectual disability-psychosis-macroorchidism syndrome,6,0.012159105682918735,7,0.012561358297560731,0.1076923076923077
42,0.452696,2496fef1ccc052b952d3b9c1b6ffe216,54398,NCBIGene:55074,OXR1,10235,MONDO:0010235,X-linked intellectual disability-psychosis-macroorchidism syndrome,5,0.00980817722617067,7,0.010625367600148764,0.10606060606060606
43,0.452696,354d9ba755fe6099b1972552d6dc5711,51061,NCBIGene:1491,CTH,10184,MONDO:0010184,methylmalonic aciduria and homocystinuria type cblC,4,0.9195457292506044,6,0.9201933333663853,0.08695652173913043
44,0.452696,cfc586672cb7613fba86e6447d2cb8eb,54209,NCBIGene:51293,CD320,10184,MONDO:0010184,methylmalonic aciduria and homocystinuria type cblC,6,0.1398194203483363,6,0.1398194203483363,0.08955223880597014
45,0.452696,3bd8a412ef858bfdb273ab0bab43978e,55087,NCBIGene:84529,CDIN1,10524,MONDO:0010524,X-linked sideroblastic anemia with ataxia,4,0.13651918257181414,6,0.1391612477138793,0.09090909090909091
46,0.452696,39c6fdf9e12936a5b7b7424e703a9a71,53066,NCBIGene:8482,SEMA7A,9216,MONDO:0009216,glycogen storage disease due to GLUT2 deficiency,6,0.08861223585791538,6,0.08861223585791538,0.08571428571428572
47,0.452696,45afb5ee60cf0df891cc323e4d94b25b,55750,NCBIGene:406960,MIR184,8289,MONDO:0008289,brain small vessel disease 1 with or without ocular anomalies,5,0.0484480616269304,6,0.04872256066618376,0.1111111111111111
48,0.452696,c4f9f98193ac5cb8f3ce2f334d35497a,53259,NCBIGene:9354,UBE4A,10283,MONDO:0010283,syndromic X-linked intellectual disability Lubs type,5,0.019310702793711262,6,0.019871870021545158,0.05825242718446602
49,0.452696,811db189f174069fa1175f3b90ace4a6,51384,NCBIGene:2560,GABRB1,8758,MONDO:0008758,mitochondrial DNA depletion syndrome 4a,5,0.01000854620553751,6,0.010410798820179507,0.10909090909090909
50,0.452696,f56a69bedf7e3388d61f4f0cee9b481b,50732,NCBIGene:518,ATP5MC3,10100,MONDO:0010100,Tay-Sachs disease,5,0.04909709450999821,5,0.04909709450999821,0.056818181818181816
51,0.452696,b19af3c1b798527e39ce6eed28d87819,54933,NCBIGene:80201,HKDC1,10184,MONDO:0010184,methylmalonic aciduria and homocystinuria type cblC,5,0.015249575620095924,5,0.015249575620095924,0.07352941176470588
52,0.452696,8f64b2d20641758e478ac09abb005230,51034,NCBIGene:1412,CRYBA2,8289,MONDO:0008289,brain small vessel disease 1 with or without ocular anomalies,5,0.014614661875620119,5,0.014614661875620119,0.09433962264150944
53,0.452696,8aab8ccc7e7a757066495c5cdf2133f7,54572,NCBIGene:56776,FMN2,10258,MONDO:0010258,MEHMO syndrome,5,0.00866502510129867,5,0.00866502510129867,0.07142857142857142
54,0.452696,f12332be82b7972f72af840b8ba5fbf8,52987,NCBIGene:7991,TUSC3,10184,MONDO:0010184,methylmalonic aciduria and homocystinuria type cblC,5,0.0025576088000048127,5,0.0025576088000048127,0.07575757575757576
55,0.452696,f3e9546cdeadb7ddd71704548e882e1e,51932,NCBIGene:4327,MMP19,8289,MONDO:0008289,brain small vessel disease 1 with or without ocular anomalies,4,0.09161824656961347,4,0.09161824656961347,0.07692307692307693
56,0.452696,e7533d7c4b6fde1e59300c62545aa583,51076,NCBIGene:1534,CYB561,9288,MONDO:0009288,glycogen storage disease Ib,4,0.0818216205921498,4,0.0818216205921498,0.06153846153846154
57,0.449805,4fd0e18dc03e2db942d98182a61a1af0,53394,NCBIGene:9922,IQSEC1,30554,MONDO:1060177,developmental and epileptic encephalopathy 119,8,0.02306278085018084,13,0.02721956321300695,0.07027027027027027
58,0.449805,9b1a4e9ccd47a0809910a58f8f8f38b8,51484,NCBIGene:2819,GPD1,19149,MONDO:0019149,cholesteryl ester storage disease,8,0.06891405942294959,11,0.07167687855344966,0.12087912087912088
59,0.449805,7bbfde4ed0143d33c792abcc51b0b181,53555,NCBIGene:10565,ARFGEF1,14855,MONDO:0014855,"intellectual disability, autosomal dominant 42",8,0.0672619812927918,11,0.06856412381598047,0.13253012048192772
60,0.449805,4ca07c85e76c3f5169c32c2872b0c116,54398,NCBIGene:55074,OXR1,27581,MONDO:0980699,"neurodevelopmental disorder with growth impairment, quadriparesis, and poor or absent speech",8,0.009938410365079326,11,0.01098826709550228,0.08396946564885496
61,0.449805,4a77a6de26eeee7261f24245787e90e5,54927,NCBIGene:80155,NAA15,14606,MONDO:0014606,intellectual disability-microcephaly-strabismus-behavioral abnormalities syndrome,8,0.0228825083620114,10,0.023961512630548753,0.047619047619047616
62,0.449805,86f8b39694ab5d28c203d76f5862aa3e,54927,NCBIGene:80155,NAA15,14379,MONDO:0014379,ADNP-related multiple congenital anomalies - intellectual disability - autism spectrum disorder,8,0.018478808454526964,10,0.019557812723064318,0.050761421319796954
63,0.449805,3b4307896f92a97a831e249c9e477aaf,54927,NCBIGene:80155,NAA15,7387,MONDO:0007387,Cornelia de Lange syndrome 1,8,0.013354019438865427,10,0.014030771092760784,0.07751937984496124
64,0.449805,71e09534d8715df0ee830ea5d62da5ef,54927,NCBIGene:80155,NAA15,26555,MONDO:0859178,"developmental delay, impaired speech, and behavioral abnormalities",8,0.013354019438865427,10,0.014030771092760784,0.05319148936170213
65,0.449805,7c64a4e117f38fe5b3dfa29163830498,54927,NCBIGene:80155,NAA15,26978,MONDO:0957588,"neurodevelopmental disorder with impaired language, behavioral abnormalities, and dysmorphic facies",8,0.013354019438865427,10,0.014030771092760784,0.11764705882352941
66,0.449805,c5b45a984c5c2d4aa3562668b6ed72e0,54195,NCBIGene:51185,CRBN,27446,MONDO:0976231,"intellectual developmental disorder, autosomal recessive 83",8,0.01938182562067233,9,0.01961449197711719,0.14516129032258066
67,0.449805,991fa19cf1942d60346253049e9a75d1,54927,NCBIGene:80155,NAA15,58858,ORPHA:464311,Intellectual disability syndrome due to a DYRK1A point mutation,8,0.013354019438865427,9,0.01375627205350742,0.13043478260869565
68,0.449805,3633d9e9b30860deead0e7f339a9254d,54927,NCBIGene:80155,NAA15,14892,MONDO:0014892,micrognathia-recurrent infections-behavioral abnormalities-mild intellectual disability syndrome,8,0.013354019438865427,9,0.013628518478118789,0.12857142857142856
69,0.440647,45f244cfbed0633dec380ca328f528d1,54791,NCBIGene:64859,NABP1,12883,MONDO:0012883,acute promyelocytic leukemia,8,0.5555735930735931,36,0.853283743671596,0.9230769230769231
70,0.440647,5919943d74c8752eedb428c1babe1582,54979,NCBIGene:81608,FIP1L1,12883,MONDO:0012883,acute promyelocytic leukemia,8,0.5555735930735931,36,0.853283743671596,0.9230769230769231
71,0.440647,9ddef4dbacdc0b468af90cce14812283,52124,NCBIGene:4926,NUMA1,12883,MONDO:0012883,acute promyelocytic leukemia,8,0.5555735930735931,36,0.853283743671596,0.9230769230769231
72,0.440647,b184a202d697d0f4ca82cfd4d5aeb843,52278,NCBIGene:5371,PML,12883,MONDO:0012883,acute promyelocytic leukemia,8,0.5555735930735931,36,0.853283743671596,0.9230769230769231
73,0.440647,f86a8976db9fd93103bc037045537200,52954,NCBIGene:7704,ZBTB16,12883,MONDO:0012883,acute promyelocytic leukemia,8,0.5555735930735931,36,0.853283743671596,0.9230769230769231
74,0.440647,29c6a5fe21554a60ad28b5d8231c4bb2,50883,NCBIGene:958,CD40,10626,MONDO:0010626,hyper-IgM syndrome type 1,8,0.9878552496055556,10,0.9980098887808133,0.23809523809523808
75,0.440647,fb80fa408407b93f4a9aa760bf2c028a,54199,NCBIGene:51206,GP6,23125,MONDO:0031332,Glanzmann thrombasthenia 1,8,0.6061751938981171,9,0.6064078602545621,0.25
76,0.440647,4ebb9bf53828e6727f343602199ed41f,51007,NCBIGene:1337,COX6A1,7308,MONDO:0007308,Charcot-Marie-Tooth disease type 2A1,8,0.06308989125891902,9,0.06554689371592147,0.391304347826087
77,0.430514,c1ecedcef39025cef66e952da7716563,52105,NCBIGene:4869,NPM1,12883,MONDO:0012883,acute promyelocytic leukemia,4,0.3253968253968254,37,0.8672354667090978,0.3592233009708738
78,0.430514,26e629c201d5dfc4fdfb631b9f89af45,52689,NCBIGene:6777,STAT5B,12883,MONDO:0012883,acute promyelocytic leukemia,7,0.5101190476190476,36,0.853283743671596,0.6
79,0.430514,6100f03528d952562e3b264aa8c14b24,55696,NCBIGene:359948,IRF2BP2,12883,MONDO:0012883,acute promyelocytic leukemia,6,0.45456349206349206,36,0.853283743671596,0.72
80,0.430514,cb58457e539da6f346bd531026cbbb24,53952,NCBIGene:25974,MMACHC,10185,MONDO:0010185,methylmalonic aciduria and homocystinuria type cblD,4,0.6845238095238095,24,1.3672002893589423,0.1610738255033557
81,0.430514,25289ec3a603cbdfdd71bbac4d14afef,52151,NCBIGene:5052,PRDX1,10185,MONDO:0010185,methylmalonic aciduria and homocystinuria type cblD,5,0.7956349206349206,21,1.0636952493641854,0.27631578947368424
82,0.430514,66b35366a5eff6603103a448efb8edf8,51978,NCBIGene:4552,MTRR,10185,MONDO:0010185,methylmalonic aciduria and homocystinuria type cblD,5,0.6597222222222222,19,0.8606189592445916,0.2087912087912088
83,0.430514,c679545a297064384daac4a6f74d49bc,51976,NCBIGene:4548,MTR,10185,MONDO:0010185,methylmalonic aciduria and homocystinuria type cblD,5,0.5295893719806763,16,0.6039051693707728,0.27586206896551724
84,0.430514,eac15c2986f5943a9dca33bfbd782e6f,50963,NCBIGene:1201,CLN3,9744,MONDO:0009744,neuronal ceroid lipofuscinosis 1,4,0.26750700280112044,15,0.32094937712468524,0.3
85,0.430514,89c2e1e45c7e66bb519256767c8de16a,52396,NCBIGene:5826,ABCD4,10185,MONDO:0010185,methylmalonic aciduria and homocystinuria type cblD,6,0.691468253968254,13,0.7732871679453848,0.22807017543859648
86,0.430514,6929ef55b75e997881d68b141116f538,53122,NCBIGene:8729,GBF1,7308,MONDO:0007308,Charcot-Marie-Tooth disease type 2A1,4,0.12500160658055395,13,0.16009715443590514,0.41935483870967744
87,0.430514,b14a456571f2f2ac9d4507f9242ffde2,55190,NCBIGene:90678,LRSAM1,7308,MONDO:0007308,Charcot-Marie-Tooth disease type 2A1,4,0.11268633564459336,13,0.14981155875190424,0.4642857142857143
88,0.430514,9670e4eb2b1f0f98db4b66b3d3e13ebb,51994,NCBIGene:4582,MUC1,8073,MONDO:0008073,familial juvenile hyperuricemic nephropathy type 1,4,0.2155561829474873,12,0.3219762545940695,0.24489795918367346
89,0.430514,89bff09985063d25dc6f8f94c2718b0b,50674,NCBIGene:337,APOA4,8073,MONDO:0008073,familial juvenile hyperuricemic nephropathy type 1,4,0.2246470920383964,12,0.2944380492759586,0.26666666666666666
90,0.430514,feaffc1f2be090b72855f21d58f6ef3a,51372,NCBIGene:2533,FYB1,9276,MONDO:0009276,Bernard-Soulier syndrome,6,0.291377746270153,11,0.33199636962002455,0.2558139534883721
91,0.430514,28ff182fcf23eed41addfa5d49f10c56,54140,NCBIGene:50717,DCAF8,7308,MONDO:0007308,Charcot-Marie-Tooth disease type 2A1,5,0.06698018993844765,11,0.08482565978753823,0.44
92,0.430514,217923f466c7d309ca17c98ee8728faa,54806,NCBIGene:65260,COA7,7308,MONDO:0007308,Charcot-Marie-Tooth disease type 2A1,6,0.05783213952863024,11,0.07776367939298086,0.3333333333333333
93,0.430514,8aeba69aa9145581fde74f43cf634e29,51275,NCBIGene:2155,F7,10604,MONDO:0010604,hemophilia B,4,0.24523809523809523,9,0.3938349530500753,0.20930232558139536
94,0.430514,9fadfe2d6b7ecf0030c634b950e415d4,51545,NCBIGene:3054,HCFC1,10185,MONDO:0010185,methylmalonic aciduria and homocystinuria type cblD,4,0.22056159420289856,9,0.22299342486578466,0.2
95,0.430514,9790e403a3a2125a0b289c7c66eebc3a,55187,NCBIGene:90523,MLIP,9293,MONDO:0009293,glycogen storage disease V,4,0.11682158421288856,9,0.1294519009970381,0.28125
96,0.430514,1ce599fba7aed795ce8a30c90d747699,54950,NCBIGene:80311,KLHL15,10306,MONDO:0010306,"X-linked intellectual disability, Cabezas type",5,0.019875010977515224,9,0.02351485329205166,0.16363636363636364
97,0.430514,fbd618b29b834bed7d0c738ee421e487,53732,NCBIGene:22909,FAN1,8073,MONDO:0008073,familial juvenile hyperuricemic nephropathy type 1,5,0.18396805896805896,8,0.19702700657842123,0.17777777777777778
98,0.430514,a5ea47a4a911e969534a0a42a591e303,53477,NCBIGene:10253,SPRY2,8073,MONDO:0008073,familial juvenile hyperuricemic nephropathy type 1,7,0.12425313552176695,8,0.12452763456102031,0.1951219512195122
99,0.430514,1b07aca8760f264797b411f2c3d3ec23,53182,NCBIGene:8988,HSPB3,10549,MONDO:0010549,Charcot-Marie-Tooth disease X-linked dominant 1,4,0.10249923989054424,8,0.12188578706877064,0.17391304347826086
100,0.430514,5a393c36fa66741a0d8f02cf313fd477,54195,NCBIGene:51185,CRBN,10574,MONDO:0010574,syndromic X-linked intellectual disability 5,7,0.016764024573551913,8,0.017166277188193906,0.16666666666666666
101,0.430514,4e7a5d17629647daf93bf0c50aaf4b88,55581,NCBIGene:255758,DYNLT2B,13127,MONDO:0013127,asphyxiating thoracic dystrophy 3,4,0.2962164750957854,7,0.2989352814383703,0.17073170731707318
102,0.430514,702e82f281c002f8746409fe116390d2,53474,NCBIGene:10235,RASGRP2,23125,MONDO:0031332,Glanzmann thrombasthenia 1,6,0.2634306636535869,7,0.2636633300100318,0.1891891891891892
103,0.430514,d0e060e7255f04dcb69d55f54e8437b8,52327,NCBIGene:5568,PRKACG,9276,MONDO:0009276,Bernard-Soulier syndrome,6,0.2583560408924864,7,0.2585887072489313,0.1794871794871795
104,0.430514,95b3f70c9c6b711023e3aeb154283f36,51598,NCBIGene:3208,HPCA,7492,MONDO:0007492,early-onset generalized limb-onset dystonia,4,0.22064305203840087,7,0.2383271935659326,0.17073170731707318
105,0.430514,abf0c573c19d455d6c0122437164cf03,51372,NCBIGene:2533,FYB1,23125,MONDO:0031332,Glanzmann thrombasthenia 1,4,0.17273226132032024,7,0.2106896896934533,0.15555555555555556
106,0.430514,b1250857052d97b20f8ed257313c6b76,55504,NCBIGene:196527,ANO6,9276,MONDO:0009276,Bernard-Soulier syndrome,5,0.1898824513061628,7,0.19557959853692458,0.175
107,0.430514,100ed126bee82c5dcf6be4c50ec61108,51706,NCBIGene:3673,ITGA2,10602,MONDO:0010602,hemophilia A,4,0.1258655440744993,7,0.15633587393025497,0.17073170731707318
108,0.430514,821cf2c1e2326c857061e1515278d098,55373,NCBIGene:135228,CD109,10602,MONDO:0010602,hemophilia A,4,0.1258655440744993,7,0.15633587393025497,0.17073170731707318
109,0.430514,6f554634109c2c6056c8b9b517eaa06a,52214,NCBIGene:5224,PGAM2,9293,MONDO:0009293,glycogen storage disease V,6,0.12714472699426524,7,0.12737739335071008,0.3684210526315789
110,0.430514,834967caa9ac7fb24164480922ac8e8e,53115,NCBIGene:8694,DGAT1,11257,MONDO:0011257,MPI-congenital disorder of glycosylation,5,0.07655708171497645,7,0.07774212902380226,0.22580645161290322
111,0.430514,aa529924642f40f65b7befcd8e92ab37,51264,NCBIGene:2120,ETV6,12883,MONDO:0012883,acute promyelocytic leukemia,5,0.043338496622348434,7,0.04767483504446564,0.1590909090909091
112,0.430514,33fc89e645230875d4ce8bdca83f62a7,53749,NCBIGene:23005,MAPKBP1,8073,MONDO:0008073,familial juvenile hyperuricemic nephropathy type 1,7,0.02912344544431563,7,0.02912344544431563,0.16279069767441862
113,0.430514,826618d4de46b72e39e8c23a46b44ff8,50676,NCBIGene:344,APOC2,9387,MONDO:0009387,familial lipoprotein lipase deficiency,5,0.4811111383890212,6,0.48134380474546606,0.3
114,0.430514,77b73d3bfeb40d21a2a8f6d32ec5924d,53474,NCBIGene:10235,RASGRP2,15912,MONDO:0015912,macrothrombocytopenia and granulocyte inclusions with or without nephritis or sensorineural hearing loss,6,0.21898567303414254,6,0.21898567303414254,0.2727272727272727
115,0.430514,f24152117036559bdad8ad1bd3297cb0,54782,NCBIGene:64805,P2RY12,23125,MONDO:0031332,Glanzmann thrombasthenia 1,6,0.17626430108176747,6,0.17626430108176747,0.16216216216216217
116,0.430514,63f264ff288a44ce7550eaa251e6e2ea,53502,NCBIGene:10347,ABCA7,11913,MONDO:0011913,Alzheimer disease 3,4,0.13697815719965023,6,0.14077378299946697,0.2222222222222222
117,0.430514,ba3a38a1e804f870121a72ed8ea92b19,55504,NCBIGene:196527,ANO6,23125,MONDO:0031332,Glanzmann thrombasthenia 1,4,0.12919150826227857,6,0.1403531363673573,0.15384615384615385
118,0.430514,64be2d6fb667a51ed913c98883bea55a,52860,NCBIGene:7286,TUFT1,11581,MONDO:0011581,arrhythmogenic cardiomyopathy with wooly hair and keratoderma,6,0.11015927530801385,6,0.11015927530801385,0.2222222222222222
119,0.430514,d4a568985303941001523ab5a2fd181e,51616,NCBIGene:3300,DNAJB2,7308,MONDO:0007308,Charcot-Marie-Tooth disease type 2A1,5,0.026624298052157824,6,0.02908130050916028,0.2222222222222222
120,0.430514,952a6ba7d644d6380e10b2a0c29babed,52327,NCBIGene:5568,PRKACG,15912,MONDO:0015912,macrothrombocytopenia and granulocyte inclusions with or without nephritis or sensorineural hearing loss,5,0.10533725054248118,5,0.10533725054248118,0.21739130434782608
121,0.430514,87804076782ac9dc14dac64276878bf3,51231,NCBIGene:2027,ENO3,9295,MONDO:0009295,glycogen storage disease VII,5,0.09782615034517061,5,0.09782615034517061,0.1724137931034483
122,0.430514,cac5aa70f506f397ac40426fd2fe0a37,52214,NCBIGene:5224,PGAM2,9295,MONDO:0009295,glycogen storage disease VII,4,0.0776109274604657,5,0.07784359381691056,0.16129032258064516
123,0.430514,488bd4a050d67bdb5addf9af42030e92,55672,NCBIGene:342618,SLFN14,15912,MONDO:0015912,macrothrombocytopenia and granulocyte inclusions with or without nephritis or sensorineural hearing loss,5,0.03311171131506175,5,0.03311171131506175,0.2631578947368421
124,0.430514,0107314a15701c4f0a657dab38a53127,53163,NCBIGene:8898,MTMR2,7308,MONDO:0007308,Charcot-Marie-Tooth disease type 2A1,5,0.0330498250072994,5,0.0330498250072994,0.1724137931034483
125,0.430514,d661028a164c6b59797849babd4fde82,52987,NCBIGene:7991,TUSC3,9279,MONDO:0009279,triple-A syndrome,5,0.0025576088000048127,5,0.0025576088000048127,0.1724137931034483
126,0.430514,3970196182387d1635d09a5bed798c04,50880,NCBIGene:948,CD36,15912,MONDO:0015912,macrothrombocytopenia and granulocyte inclusions with or without nephritis or sensorineural hearing loss,4,0.12144150539940694,4,0.12144150539940694,0.2
127,0.421647,ff46a460987940905d15bfa0aec01453,55773,NCBIGene:653361,NCF1,9310,MONDO:0009310,"granulomatous disease, chronic, autosomal recessive, cytochrome b-positive, type 2",4,0.9,27,2.221192975068707,0.10975609756097561
128,0.421647,6e1cd8402e835c7d9de544dd4eb5ed36,55773,NCBIGene:653361,NCF1,10600,MONDO:0010600,"granulomatous disease, chronic, X-linked",4,0.9,25,2.1884332816852354,0.10330578512396695
129,0.421647,95deace3d457557c77d72e649025cf85,55773,NCBIGene:653361,NCF1,9308,MONDO:0009308,"granulomatous disease, chronic, autosomal recessive, cytochrome b-negative",4,0.9,25,2.18616594804168,0.10683760683760683
130,0.421647,823c7c10646b221b761859c2f6927c14,51100,NCBIGene:1605,DAG1,58946,ORPHA:559,Marinesco-Sjögren syndrome,4,0.7242424242424242,19,0.8795294349900877,0.11949685534591195
131,0.421647,6a36116c6e61b56837f85dc065f47163,50987,NCBIGene:1293,COL6A3,9681,MONDO:0009681,Ullrich congenital muscular dystrophy 1A,4,0.9666666666666667,18,1.093235606141572,0.13533834586466165
132,0.421647,e6180aeca047f47f86e5b2149a9d7068,50956,NCBIGene:1184,CLCN5,10186,MONDO:0010186,"vitamin D-dependent rickets, type 2A",4,0.7722222222222223,16,1.5776400665380057,0.13445378151260504
133,0.421647,25e739ef01528eb3e4ff1e8e983a20c0,50956,NCBIGene:1184,CLCN5,10810,MONDO:0010810,"vitamin D hydroxylation-deficient rickets, type 1B",4,0.7722222222222223,15,1.3776400665380057,0.14018691588785046
134,0.421647,3dcc8e112a7b670ed3d0af3a5773f43b,54796,NCBIGene:65055,REEP1,11091,MONDO:0011091,Charcot-Marie-Tooth disease type 2D,4,0.75,14,0.898585445923484,0.15053763440860216
135,0.421647,44e990513918da915fff9d3608e4b1a2,54796,NCBIGene:65055,REEP1,15353,MONDO:0015353,"neuronopathy, distal hereditary motor, type 5A",4,0.75,14,0.8903416479084887,0.15217391304347827
136,0.421647,2ad864c64e0b5c92f15a906f62d40852,53951,NCBIGene:25973,PARS2,59274,ORPHA:289266,Early-onset epileptic encephalopathy and intellectual disability due to GRIN2A mutation,4,0.4718862373324616,13,0.4991519980153712,0.13402061855670103
137,0.421647,fc147fbbb50c158b2c0b2a9050e3ef09,50824,NCBIGene:774,CACNA1B,59274,ORPHA:289266,Early-onset epileptic encephalopathy and intellectual disability due to GRIN2A mutation,4,0.48596491228070177,12,0.5247962861363554,0.125
138,0.421647,339a412bcc0c77928a9b6979af428313,51165,NCBIGene:1788,DNMT3A,8192,MONDO:0008192,pheochromocytoma/paraganglioma syndrome 1,4,0.7,11,1.0851118695640272,0.0738255033557047
139,0.421647,162a049786424bfc22e474df1949debc,53953,NCBIGene:25977,NECAP1,59274,ORPHA:289266,Early-onset epileptic encephalopathy and intellectual disability due to GRIN2A mutation,4,0.474937343358396,11,0.5067109623301406,0.13924050632911392
140,0.421647,e4646aebb294257464695b9fac75eb11,51898,NCBIGene:4191,MDH2,7273,MONDO:0007273,pheochromocytoma/paraganglioma syndrome 4,4,0.7,10,1.1728535353535354,0.11235955056179775
141,0.421647,e756ec5df22e77885b5d2f36f0ece0d5,51165,NCBIGene:1788,DNMT3A,7273,MONDO:0007273,pheochromocytoma/paraganglioma syndrome 4,4,0.7,10,1.1260579848522478,0.06896551724137931
142,0.421647,2dd9ea1e83686ae42c45ea63a4bcfcc6,51898,NCBIGene:4191,MDH2,8192,MONDO:0008192,pheochromocytoma/paraganglioma syndrome 1,4,0.7,10,1.084288372446267,0.10638297872340426
143,0.421647,6fbc857612d70a7664ac9da0823b8854,53578,NCBIGene:10659,CELF2,59274,ORPHA:289266,Early-onset epileptic encephalopathy and intellectual disability due to GRIN2A mutation,4,0.48596491228070177,10,0.5190671434841359,0.11363636363636363
144,0.421647,2092e76c122561e85e5687649914d070,51735,NCBIGene:3745,KCNB1,59274,ORPHA:289266,Early-onset epileptic encephalopathy and intellectual disability due to GRIN2A mutation,4,0.48596491228070177,10,0.5030648124818048,0.12048192771084337
145,0.421647,13f057dbb661c52c762641f8e7b64257,55283,NCBIGene:116442,RAB39B,58740,ORPHA:411602,Hereditary late-onset Parkinson disease,4,0.1385387488328665,10,0.18523275713238319,0.15151515151515152
146,0.421647,6a5a2287acd1055839880dcc8acb40b4,53744,NCBIGene:22978,NT5C2,56607,ORPHA:209951,Autosomal spastic paraplegia type 18,4,0.08947936586268583,10,0.10312398804369032,0.14925373134328357
147,0.421647,149a819ed1f5864f7b13e1325389a227,55431,NCBIGene:149041,RC3H1,27218,MONDO:0968983,proteasome-associated autoinflammatory syndrome 6,4,1.6666666666666667,9,1.7116195351897956,0.14516129032258066
148,0.421647,32106d276f8158c780ae8ddb35431c2b,52366,NCBIGene:5698,PSMB9,23597,MONDO:0033557,"hemophagocytic lymphohistiocytosis, familial, 6",4,1.6666666666666667,9,1.7116195351897956,0.14516129032258066
149,0.421647,046dd22f8f6339d75218aa078f68ba1e,54055,NCBIGene:27304,MOCS3,9643,MONDO:0009643,sulfite oxidase deficiency due to molybdenum cofactor deficiency type A,4,1.0666666666666667,9,1.0706070325517711,0.11538461538461539
150,0.421647,cd863dc6d661f58e5d467e4030bc7cae,54411,NCBIGene:55149,MTPAP,27483,MONDO:0979230,"spastic ataxia 11, autosomal dominant",4,0.28177713091506196,9,0.3166511859953022,0.12857142857142856
151,0.421647,df92f8dc0f818b605af8a7bd140b4ca7,54075,NCBIGene:28981,IFT81,24463,MONDO:0044328,short-rib thoracic dysplasia 20 with polydactyly,4,0.14117771540586296,9,0.15466759942062736,0.14285714285714285
152,0.421647,00b61a5228e60fdde33dfafd93b76f3d,55691,NCBIGene:348938,NIPAL4,56443,ORPHA:79395,Keratoderma hereditarium mutilans with ichthyosis,4,0.2674029920523609,8,0.3152976185564478,0.14035087719298245
153,0.421647,7b395c33f813b7a2f557a211ab591c49,53001,NCBIGene:8087,FXR1,12538,MONDO:0012538,nemaline myopathy 7,4,0.2122566133227114,8,0.2345680782496263,0.13114754098360656
154,0.421647,1ce3de986cc495a85bf1f60ae46dd9ee,53795,NCBIGene:23184,MESD,9805,MONDO:0009805,osteogenesis imperfecta type 9,4,0.11852240896358543,8,0.1358316834270668,0.13793103448275862
155,0.421647,5dd9d638361124df1830095e815dd468,52017,NCBIGene:4632,MYL1,26879,MONDO:0957270,"muscular dystrophy, limb-girdle, autosomal recessive 28",4,0.08651267472162995,8,0.10359675924221932,0.13333333333333333
156,0.421647,a6861993e8ba65d9cfbc8d70f49b1c49,55128,NCBIGene:84896,ATAD1,58452,ORPHA:1901,Dermatosparaxis Ehlers-Danlos syndrome,4,0.08798053601746302,8,0.10277478866612853,0.11267605633802817
157,0.421647,6122d940825125c1f66ce5073b3d51e5,52044,NCBIGene:4697,COXFA4,25849,MONDO:0700250,"mitochondrial complex IV deficiency, nuclear type 1",4,0.09386322312018906,8,0.10139674003906196,0.14285714285714285
158,0.421647,4b0ca21a371f319fc09cac8de0845075,54471,NCBIGene:55603,TENT5A,13459,MONDO:0013459,osteogenesis imperfecta type 10,4,0.08638941013298523,8,0.09595490129246959,0.14035087719298245
159,0.421647,e081460908fba4ed177211ab3ee6f958,55319,NCBIGene:124093,CCDC78,7294,MONDO:0007294,central core myopathy,5,0.07469663343775325,8,0.07794775864203858,0.14545454545454545
160,0.421647,e6ce304f09cb6055a1721d4ca64a3602,54610,NCBIGene:57156,TMEM63C,11445,MONDO:0011445,hereditary spastic paraplegia 11,5,0.05319748238865886,8,0.05564787476284788,0.14814814814814814
161,0.421647,f045bd08650acb1bff22f03d8f5d0cfc,54881,NCBIGene:79783,SUGCT,9281,MONDO:0009281,glutaryl-CoA dehydrogenase deficiency,4,1.0256410256410255,7,1.0281807065168744,0.125
162,0.421647,e6c818528fae2dec513dcbb391cca5fd,52704,NCBIGene:6821,SUOX,9643,MONDO:0009643,sulfite oxidase deficiency due to molybdenum cofactor deficiency type A,4,0.9704081632653061,7,0.9736281216379041,0.0945945945945946
163,0.421647,d35948ffc7619374276bf1138e2b0e2b,52588,NCBIGene:6519,SLC3A1,9388,MONDO:0009388,hyperlysinemia,4,0.9159090909090909,7,0.9176790294805397,0.11666666666666667
164,0.421647,7822ec7eb779bbbe5601397b1d18c58c,52665,NCBIGene:6697,SPR,56917,ORPHA:1578,Pterin-4 alpha-carbinolamine dehydratase deficiency,4,0.8916666666666667,7,0.9144305577458866,0.11864406779661017
165,0.421647,f72014d1443038a76f70ee117cb052a1,53476,NCBIGene:10243,GPHN,9643,MONDO:0009643,sulfite oxidase deficiency due to molybdenum cofactor deficiency type A,4,0.7859649122807018,7,0.7876882027040445,0.07216494845360824
166,0.421647,46cec5ddf0533e3d9fdd78f1afc8f66e,51164,NCBIGene:1786,DNMT1,58987,ORPHA:2073,Narcolepsy type 1,4,0.53003663003663,7,0.5718574374094234,0.07526881720430108
167,0.421647,52da23a12a299b2739a0817de8c0fd2c,55495,NCBIGene:170691,ADAMTS17,11106,MONDO:0011106,facial dysmorphism-lens dislocation-anterior segment abnormalities-spontaneous filtering blebs syndrome,4,0.43846371882086166,7,0.47637003062152844,0.1111111111111111
168,0.421647,df2a955cd60a2d4085960c65cc664a45,51613,NCBIGene:3293,HSD17B3,56485,ORPHA:90791,Congenital adrenal hyperplasia due to 3-beta-hydroxysteroid dehydrogenase deficiency,4,0.3020435446906035,7,0.32590971329350105,0.14583333333333334
169,0.421647,7fae8bc38fb3b9f55aec592aad57af48,55131,NCBIGene:84909,AOPEP,58369,ORPHA:157846,Neuroferritinopathy,4,0.26083916083916087,7,0.2704084825597003,0.13725490196078433
170,0.421647,5cf66a41056a8e0aaad8f24d5f314987,51017,NCBIGene:1363,CPE,14497,MONDO:0014497,polyendocrine-polyneuropathy syndrome,4,0.14439909833533776,7,0.16385751217839967,0.11475409836065574
171,0.421647,f6d56913678be1f74e722a93db403a9f,55767,NCBIGene:643418,LIPN,8251,MONDO:0008251,familial pityriasis rubra pilaris,4,0.12120730570387321,7,0.1511022104189218,0.15217391304347827
172,0.421647,af7c319a5998a57c5dae8a9fd580822f,55581,NCBIGene:255758,DYNLT2B,9894,MONDO:0009894,short-rib thoracic dysplasia 6 with or without polydactyly,5,0.14185521984498237,7,0.14401096312450415,0.14583333333333334
173,0.421647,670e069961282f5d8ff1c25fed656f53,54067,NCBIGene:28755,TRAC,11664,MONDO:0011664,immunodeficiency due to CD25 deficiency,4,0.12647175713076694,7,0.14350788677733742,0.12727272727272726
174,0.421647,60665a8d5523415b9656a7eebdd79838,51375,NCBIGene:2539,G6PD,13355,MONDO:0013355,congenital dyserythropoietic anemia type 4,4,0.13498318621269442,7,0.13881562804105313,0.14583333333333334
175,0.421647,f7680383b25c363f0014755c1a742686,51551,NCBIGene:3071,NCKAP1L,9478,MONDO:0009478,combined immunodeficiency due to DOCK8 deficiency,4,0.1272121894030765,7,0.1322543470472247,0.14893617021276595
176,0.421647,00de9c43919e0a5503dd3a9e708d1c1d,55187,NCBIGene:90523,MLIP,56166,ORPHA:228305,"Carnitine palmitoyl transferase II deficiency, severe infantile form",4,0.11682158421288856,7,0.13013873897031314,0.15217391304347827
177,0.421647,8876b7880a178a493123ec48e9a4e8b5,54732,NCBIGene:63931,MRPS14,12301,MONDO:0012301,"mitochondrial DNA depletion syndrome, myopathic form",5,0.12301514622943194,7,0.12461955469835966,0.15217391304347827
178,0.421647,892248eccd1060a16f031e2f6cbd37ba,55305,NCBIGene:121512,FGD4,27442,MONDO:0976227,"Charcot-Marie-tooth disease, axonal, type 2JJ",4,0.08806878306878307,7,0.10045481443352311,0.14893617021276595
179,0.421647,913dee28cace373cef0483e8a6731aef,53517,NCBIGene:10413,YAP1,12802,MONDO:0012802,oculoauricular syndrome,4,0.08113052800857679,7,0.09749205147746472,0.12962962962962962
180,0.421647,2466b633cb9aa6d069b76cde346d377a,50749,NCBIGene:558,AXL,56255,ORPHA:251510,"46,XY partial gonadal dysgenesis",5,0.09073466147159923,7,0.0949921643028563,0.14583333333333334
181,0.421647,74082b084e7d19ea26b08d577b3ca11f,53416,NCBIGene:10011,SRA1,56255,ORPHA:251510,"46,XY partial gonadal dysgenesis",5,0.09073466147159923,7,0.0949921643028563,0.14583333333333334
182,0.421647,b7464b48f9a5d0bc8fe1db38506a2733,55329,NCBIGene:125170,MIEF2,22307,MONDO:0024553,"myopathy, lactic acidosis, and sideroblastic anemia 1",5,0.0852950750834046,7,0.0934642493763574,0.15217391304347827
183,0.421647,642ac03c0e63a4a18b881dbc6b10e72e,55261,NCBIGene:113612,CYP2U1,59111,ORPHA:447760,Autosomal recessive spastic paraplegia type 9B,4,0.07709705503823151,7,0.08315148156591698,0.125
184,0.421647,9ba86c8f703aab957c16d58d9c618645,55603,NCBIGene:283459,GATC,26702,MONDO:0859337,combined oxidative phosphorylation deficiency 57,5,0.06903226494493588,7,0.07331351429733216,0.14893617021276595
185,0.421647,46fd935a254cfe0b4eae2363e35c2383,53352,NCBIGene:9725,TMEM63A,24802,MONDO:0054791,"leukodystrophy, hypomyelinating, 16",5,0.06171914471476355,7,0.06472588419117539,0.14893617021276595
186,0.421647,d26096b3ac4d8d2381e19d2bba9a1a67,51616,NCBIGene:3300,DNAJB2,20793,MONDO:0020793,oculopharyngodistal myopathy 1,5,0.032945880678961335,7,0.036109224714402734,0.13725490196078433
187,0.421647,2730de584ff1e3e831706a022a2d38a2,52890,NCBIGene:7381,UQCRB,9520,MONDO:0009520,3-hydroxy-3-methylglutaric aciduria,5,0.03437023132852488,7,0.03594879270515817,0.15217391304347827
188,0.421647,51ce6c4e555466acccede9c3497801aa,53555,NCBIGene:10565,ARFGEF1,27393,MONDO:0975874,"neurodevelopmental disorder with dysmorphic facies, absent speech and ambulation, and brain abnormalities",6,0.03462174918447458,7,0.034896248223727944,0.12962962962962962
189,0.421647,303471aa2e650886f2078c80f2c5fb14,53125,NCBIGene:8738,CRADD,11435,MONDO:0011435,"microcephaly 2, primary, autosomal recessive, with or without cortical malformations",6,0.02679948860799806,7,0.027032154964442917,0.15217391304347827
190,0.421647,1a38b30ee4d02dc4b0773027ec92b3f0,51484,NCBIGene:2819,GPD1,59576,ORPHA:79240,Glycogen storage disease due to liver and muscle phosphorylase kinase deficiency,6,0.025332333086996818,7,0.025895396150059882,0.14583333333333334
191,0.421647,54835b8845159b2712d5bc49be5eb86c,53477,NCBIGene:10253,SPRY2,14891,MONDO:0014891,"hyperuricemic nephropathy, familial juvenile type 4",6,0.024253135521766948,7,0.02452763456102031,0.13725490196078433
192,0.421647,0d8e63c684803d49131d97889af03b99,51484,NCBIGene:2819,GPD1,10504,MONDO:0010504,immunodeficiency 47,5,0.02219857711329305,7,0.02377634893496731,0.1320754716981132
193,0.421647,e942343063661effb91716b62c2d7cb3,52680,NCBIGene:6742,SSBP1,23590,MONDO:0033549,optic atrophy 12,7,0.02225134446225666,7,0.02225134446225666,0.15217391304347827
194,0.421647,6ab808fbe933eb23beb95d18f2564bca,52470,NCBIGene:6096,RORB,59264,ORPHA:485350,CLCN4-related X-linked intellectual disability syndrome,5,0.01824643137155769,7,0.019063621745535785,0.1320754716981132
195,0.421647,6aee5e8d1fb71ba4bf9ffedcdd27343f,53259,NCBIGene:9354,UBE4A,24753,MONDO:0054669,"pontocerebellar hypoplasia, type 11",5,0.011224118136445978,7,0.0120198475559539,0.15217391304347827
196,0.421647,b0d1c3899c6cc67d048bb1b5ff1b5bf3,54927,NCBIGene:80155,NAA15,15601,MONDO:0015601,"X-linked intellectual disability, van Esch type",6,0.01120820366632643,7,0.011610456280968426,0.14
197,0.421647,b71fd7b502c865c1af06c184e1916fe3,51384,NCBIGene:2560,GABRB1,14547,MONDO:0014547,combined oxidative phosphorylation defect type 24,5,0.01072979469515832,7,0.011546985069136416,0.15217391304347827
198,0.421647,e7de307974e8d2fc914f7a3e39c3b19d,51384,NCBIGene:2560,GABRB1,18346,MONDO:0018346,ferro-cerebro-cutaneous syndrome,5,0.01000854620553751,7,0.010825736579515606,0.13725490196078433
199,0.421647,2dd64a2db48dcc0dd775316af5aacad9,51384,NCBIGene:2560,GABRB1,14464,MONDO:0014464,progressive encephalopathy with leukodystrophy due to DECR deficiency,5,0.009579339497791991,7,0.010396529871770087,0.1320754716981132
200,0.421647,6a501eebd3a0ce36ce699cf115a1cb06,52363,NCBIGene:5689,PSMB1,27627,MONDO:0980948,developmental and epileptic encephalopathy 120,5,0.008631083766559071,7,0.009594503609034962,0.14893617021276595
201,0.421647,8df775bd3d3e0d17841580c6d7d7a639,54398,NCBIGene:55074,OXR1,58946,ORPHA:559,Marinesco-Sjögren syndrome,6,0.006549343668982501,7,0.006951596283624496,0.14285714285714285
202,0.421647,0d4441c1f3e733b959f9a850c5081ba1,54398,NCBIGene:55074,OXR1,58041,ORPHA:812,Sialidosis type 1,6,0.0061267608427485595,7,0.006541698602084659,0.15217391304347827
203,0.421647,ecb9fef72dfe4e8cdf07af606cdabbbb,51067,NCBIGene:1500,CTNND1,14772,MONDO:0014772,orofacial cleft 15,4,0.6707606119370825,6,0.6727073517790114,0.13333333333333333
204,0.421647,5b6a6a8623280817bc144999e5eb6520,51164,NCBIGene:1786,DNMT1,8062,MONDO:0008062,narcolepsy 1,4,0.53003663003663,6,0.5583634058929146,0.08
205,0.421647,936c8de67cbb1ac80cf8c9d5a559d1ba,50753,NCBIGene:580,BARD1,18875,MONDO:0018875,Li-Fraumeni syndrome,5,0.34567315624484407,6,0.34594765528409743,0.11538461538461539
206,0.421647,d50626743d63a10dd0bd3f56d5671cf6,54966,NCBIGene:80821,DDHD1,57120,ORPHA:435387,Autosomal dominant Charcot-Marie-Tooth disease type 2Y,4,0.3110505514119972,6,0.31743298510720624,0.09375
207,0.421647,02f8dbf022bf845f83323bf4f3d5c224,52377,NCBIGene:5741,PTH,9426,MONDO:0009426,hypoparathyroidism-retardation-dysmorphism syndrome,5,0.222341320085681,6,0.22257398644212584,0.125
208,0.421647,95fd0ec47b950f0a19c213cce0945d2f,53408,NCBIGene:9987,HNRNPDL,57695,ORPHA:98855,Autosomal recessive Emery-Dreifuss muscular dystrophy,4,0.21397664835164834,6,0.22103618039277878,0.12244897959183673
209,0.421647,a41169f6a1ae2cc908cdb070354dea3e,53408,NCBIGene:9987,HNRNPDL,57682,ORPHA:98863,X-linked Emery-Dreifuss muscular dystrophy,4,0.21397664835164834,6,0.22103618039277878,0.11320754716981132
210,0.421647,bf6b3eacb9b0290f7bd0c7f9ded7db8d,53408,NCBIGene:9987,HNRNPDL,57700,ORPHA:98853,Autosomal dominant Emery-Dreifuss muscular dystrophy,4,0.21397664835164834,6,0.22103618039277878,0.11320754716981132
211,0.421647,bc32470ef7c3f8f67d5b700398ce6888,51086,NCBIGene:1576,CYP3A4,58851,ORPHA:289157,Hypocalcemic vitamin D-dependent rickets,4,0.18424908424908426,6,0.20208675366799686,0.10909090909090909
212,0.421647,bc91aa9cfa290360318ac299f835ec9f,55135,NCBIGene:84946,LTV1,9955,MONDO:0009955,rapadilino syndrome,5,0.15942837639728832,6,0.15966104275373316,0.14285714285714285
213,0.421647,cb39c6e7782dd1227c3b5d5485334d10,51451,NCBIGene:2731,GLDC,11582,MONDO:0011582,multiple mitochondrial dysfunctions syndrome 1,4,0.13762115077904552,6,0.14081239701714718,0.11764705882352941
214,0.421647,9ff18768aeefe19fdbf08ac2c112bf80,54209,NCBIGene:51293,CD320,13925,MONDO:0013925,"methylmalonic acidemia with homocystinuria, type cblJ",6,0.1399442170259297,6,0.1399442170259297,0.15
215,0.421647,332556100b885413e2540cbd723d43e9,54209,NCBIGene:51293,CD320,10183,MONDO:0010183,methylmalonic aciduria and homocystinuria type cblF,6,0.1398194203483363,6,0.1398194203483363,0.13043478260869565
216,0.421647,77373eba535a12bd6f2c2367223dbef1,53182,NCBIGene:8988,HSPB3,56857,ORPHA:99947,Autosomal dominant Charcot-Marie-Tooth disease type 2A2,4,0.11165255796834744,6,0.13193798100606405,0.10909090909090909
217,0.421647,7e7badfe82021bda1a529029ad7f4a9c,54156,NCBIGene:51021,MRPS16,12301,MONDO:0012301,"mitochondrial DNA depletion syndrome, myopathic form",4,0.11791310541310542,6,0.1232478125858768,0.1276595744680851
218,0.421647,236143eb294471ae4840e6211ce4d6d6,54732,NCBIGene:63931,MRPS14,12191,MONDO:0012191,hepatoencephalopathy due to combined oxidative phosphorylation defect type 1,4,0.11791310541310542,6,0.12203682235320785,0.13333333333333333
219,0.421647,f3a2a9f321cc087d22212d6fa58f578f,54546,NCBIGene:55997,CFC1,56579,ORPHA:244,Primary ciliary dyskinesia,4,0.1005048806333431,6,0.12081659506270459,0.10344827586206896
220,0.421647,284707caf2ec4440de1d95eeb4e51135,53795,NCBIGene:23184,MESD,12581,MONDO:0012581,osteogenesis imperfecta type 8,4,0.11852240896358543,6,0.11915732793467229,0.1111111111111111
221,0.421647,95ad1cdea6f732e7157032920b258289,52796,NCBIGene:7072,TIA1,14641,MONDO:0014641,frontotemporal dementia and/or amyotrophic lateral sclerosis 4,4,0.1048973973973974,6,0.1090435177780624,0.125
222,0.421647,a3e53cca952a9fe593d8b2a8050a0790,51724,NCBIGene:3716,JAK1,9478,MONDO:0009478,combined immunodeficiency due to DOCK8 deficiency,4,0.09744420117983336,6,0.10574952330868491,0.12244897959183673
223,0.421647,c195f39fd026fb1df19a31e5f1229a74,55029,NCBIGene:83938,LRMDA,13558,MONDO:0013558,Hermansky-Pudlak syndrome 6,5,0.10536238518266564,6,0.10559505153911049,0.15
224,0.421647,c08483a52c350ed2084a798df57ac4c5,54788,NCBIGene:64856,VWA1,56840,ORPHA:99953,Charcot-Marie-Tooth disease type 4G,4,0.09936542162991033,6,0.10396834683369391,0.14285714285714285
225,0.421647,708fe35da5bc0d41bb41338c890f49ab,53312,NCBIGene:9555,MACROH2A1,56582,ORPHA:240,Léri-Weill dyschondrosteosis,4,0.09863984424285932,6,0.10258721266391195,0.14285714285714285
226,0.421647,97ac9144b731d2041cebd67a456314f8,53182,NCBIGene:8988,HSPB3,27637,MONDO:0980971,"charcot-marie-tooth disease, axonal, type 2MM",4,0.09037802776933211,6,0.1012472549501749,0.13043478260869565
227,0.421647,239c35234451f906718313252ade2fee,53182,NCBIGene:8988,HSPB3,27320,MONDO:0971150,"neuronopathy, distal hereditary motor, autosomal recessive 11, with spasticity",4,0.09037802776933211,6,0.10102076847714174,0.14634146341463414
228,0.421647,942999df9cd9f3a23d44b30698577063,52645,NCBIGene:6652,SORD,27637,MONDO:0980971,"charcot-marie-tooth disease, axonal, type 2MM",4,0.09350122256930563,6,0.09619089138275294,0.14285714285714285
229,0.421647,26b10a6ca275c26fd9ef529aa803778a,53348,NCBIGene:9711,RUBCN,58617,ORPHA:1175,X-linked progressive cerebellar ataxia,4,0.08546651889043193,6,0.08855571590371582,0.11764705882352941
230,0.421647,d4c2fec59e4efbf1e71bd2587f8696b5,54942,NCBIGene:80222,TARS2,23621,MONDO:0033635,"mitochondrial complex IV deficiency, nuclear type 3",4,0.08516768850614743,6,0.0860257457318856,0.13953488372093023
231,0.421647,6a0ff3099a14dfc25ed526478801d9ed,55524,NCBIGene:200931,SLC51A,14911,MONDO:0014911,"growth retardation, intellectual developmental disorder, hypotonia, and hepatopathy",4,0.07620192421173883,6,0.07738697152056463,0.13636363636363635
232,0.421647,0cdd327de9e04d83d5e4f9980d290b5c,52867,NCBIGene:7297,TYK2,11664,MONDO:0011664,immunodeficiency due to CD25 deficiency,6,0.07702412412592484,6,0.07702412412592484,0.13636363636363635
233,0.421647,ab391dd0c12420aa4273e43f8e15ee82,53011,NCBIGene:8192,CLPP,56474,ORPHA:90796,"46,XY difference of sex development due to isolated 17,20-lyase deficiency",5,0.07621985612426789,6,0.07678291918733095,0.14634146341463414
234,0.421647,34c980e627be3104ec8c3462ca5b313e,52317,NCBIGene:5524,PTPA,27338,MONDO:0975748,"Parkinson disease 26, autosomal dominant, susceptibility to",5,0.069114482970639,6,0.07185420899803627,0.11764705882352941
235,0.421647,7e1e79a0ca75c869ffdb51e58afd1735,52645,NCBIGene:6652,SORD,55915,ORPHA:101097,Autosomal recessive Charcot-Marie-Tooth disease with hoarseness,5,0.06811204540103283,6,0.07056904785803528,0.14285714285714285
236,0.421647,a6c89fad94b3ba4a5177cc601ea1481c,54669,NCBIGene:57654,UVSSA,11125,MONDO:0011125,"trichothiodystrophy 1, photosensitive",6,0.06151454296988462,6,0.06151454296988462,0.12244897959183673
237,0.421647,3654a32756e62c8636074178b8ff3cfa,53990,NCBIGene:26258,BLOC1S6,8963,MONDO:0008963,Chediak-Higashi syndrome,5,0.05836069617569932,6,0.05859336253214418,0.12
238,0.421647,91da2a318c44eef89c70cc9cb75a94a5,55707,NCBIGene:375387,NRROS,27454,MONDO:0976264,neurodevelopmental disorder with white matter abnormalities and gait disturbance,5,0.05486029521922198,6,0.055092961575666836,0.1276595744680851
239,0.421647,159120a699488e860579e9399ef7a36a,54137,NCBIGene:50651,SLC45A1,56893,ORPHA:544254,SYNGAP1-related developmental and epileptic encephalopathy,5,0.050303300823532036,6,0.05070555343817403,0.12
240,0.421647,2d36c886a0532104dd2c4449b4ea7fe5,54723,NCBIGene:63899,NSUN3,24754,MONDO:0054677,combined oxidative phosphorylation deficiency 33,5,0.049983119890012605,6,0.050215786246457464,0.14285714285714285
241,0.421647,fcece1192f0919e377a2ba5780f6cc3a,55813,NCBIGene:120766137,HRURF,19073,MONDO:0019073,hypotrichosis-lymphedema-telangiectasia-renal defect syndrome,6,0.05010765755707786,6,0.05010765755707786,0.11764705882352941
242,0.421647,11d22ca377e16c30615502b96f2c4ee3,54105,NCBIGene:29928,TIMM22,14684,MONDO:0014684,combined oxidative phosphorylation defect type 26,5,0.04901331047864475,6,0.04924597683508961,0.12
243,0.421647,71d2406e6ba6bd8b38415cd3c4176753,53819,NCBIGene:23268,DNMBP,13446,MONDO:0013446,Leber congenital amaurosis 6,6,0.04619974240326926,6,0.04619974240326926,0.11764705882352941
244,0.421647,494496b570badf88208dd2ab99930462,55497,NCBIGene:170825,GSX2,12791,MONDO:0012791,"mitochondrial DNA depletion syndrome, encephalomyopathic form with methylmalonic aciduria",5,0.04398640230858412,6,0.04421906866502897,0.11764705882352941
245,0.421647,2c8e33904138f7ad6b6f2aa405df2149,52442,NCBIGene:5971,RELB,56838,ORPHA:183675,Recurrent infections associated with rare immunoglobulin isotypes deficiency,5,0.03553568167843634,6,0.03971978209684638,0.11320754716981132
246,0.421647,7790f8e668fa9baeadc2539963d8b8e1,54664,NCBIGene:57599,WDR48,11803,MONDO:0011803,hereditary spastic paraplegia 7,5,0.03783950142678656,6,0.03878023519912899,0.11764705882352941
247,0.421647,9a938c85efe9445be7ba940e03cb52e5,55707,NCBIGene:375387,NRROS,24820,MONDO:0054844,"pontocerebellar hypoplasia, type 1D",5,0.0361764827365755,6,0.03640914909302035,0.12
248,0.421647,d5f9190c4c9f3f0a24441c758c2a8e79,55029,NCBIGene:83938,LRMDA,13446,MONDO:0013446,Leber congenital amaurosis 6,5,0.034840407160687606,6,0.035073073517132465,0.11538461538461539
249,0.421647,a6f22b3767e0f937e5352d80e0864fcf,51109,NCBIGene:1638,DCT,8963,MONDO:0008963,Chediak-Higashi syndrome,5,0.034567454307089594,6,0.03480012066353445,0.12
250,0.421647,aa5a6a76f46d8d14fde0bf56ce1b808d,51616,NCBIGene:3300,DNAJB2,7309,MONDO:0007309,Charcot-Marie-Tooth disease type 1A,5,0.026624298052157824,6,0.03153830296616274,0.14634146341463414
