gex,dix,H,era,outcome,n,effect,p
0.1,none,10,2012+,excess_ret,84,0.004178742811905237,0.056666666666666664
0.1,none,10,2012+,p_leg,84,0.1817804810616533,0.0
0.1,none,10,2019Q4+,excess_ret,39,0.003161154122214847,0.25
0.1,none,10,2019Q4+,p_leg,39,0.15331868131868132,0.013333333333333334
0.1,none,10,2022-05+,excess_ret,20,0.0010434111867761607,0.44333333333333336
0.1,none,10,2022-05+,p_leg,20,0.2102564102564103,0.01
0.1,none,20,2012+,excess_ret,84,0.004505991054171635,0.12
0.1,none,20,2012+,p_leg,84,0.20224233302969086,0.0
0.1,none,20,2019Q4+,excess_ret,39,0.0005812296089550417,0.5033333333333333
0.1,none,20,2019Q4+,p_leg,39,0.1881962864721486,0.0
0.1,none,20,2022-05+,excess_ret,20,0.0036201803755364446,0.27666666666666667
0.1,none,20,2022-05+,p_leg,20,0.2296672828096118,0.0
0.1,none,30,2012+,excess_ret,84,0.0069750965528208395,0.04666666666666667
0.1,none,30,2012+,p_leg,84,0.19974979149291083,0.0
0.1,none,30,2019Q4+,excess_ret,39,0.0008564600108332508,0.48333333333333334
0.1,none,30,2019Q4+,p_leg,39,0.23773528975841107,0.0
0.1,none,30,2022-05+,excess_ret,20,0.0007330533889647779,0.42333333333333334
0.1,none,30,2022-05+,p_leg,20,0.2914179104477611,0.0
0.1,>0.5,10,2012+,excess_ret,66,0.000550085484878041,0.4166666666666667
0.1,>0.5,10,2012+,p_leg,66,0.21208351136468356,0.0033333333333333335
0.1,>0.5,10,2019Q4+,excess_ret,28,-0.006542870971367397,0.89
0.1,>0.5,10,2019Q4+,p_leg,28,0.18628571428571428,0.023333333333333334
0.1,>0.5,10,2022-05+,excess_ret,15,-0.005991697316858258,0.8833333333333333
0.1,>0.5,10,2022-05+,p_leg,15,0.19358974358974357,0.04
0.1,>0.5,20,2012+,excess_ret,66,0.0036916243000790095,0.2
0.1,>0.5,20,2012+,p_leg,66,0.21198259276995068,0.006666666666666667
0.1,>0.5,20,2019Q4+,excess_ret,28,-0.004130617977325587,0.7333333333333333
0.1,>0.5,20,2019Q4+,p_leg,28,0.204679802955665,0.01
0.1,>0.5,20,2022-05+,excess_ret,15,-0.006720897416285132,0.8333333333333334
0.1,>0.5,20,2022-05+,p_leg,15,0.27966728280961184,0.01
0.1,>0.5,30,2012+,excess_ret,66,0.0036833459039625153,0.26666666666666666
0.1,>0.5,30,2012+,p_leg,66,0.21490130664442597,0.0
0.1,>0.5,30,2019Q4+,excess_ret,28,-0.007200839115210569,0.8133333333333334
0.1,>0.5,30,2019Q4+,p_leg,28,0.2533030553261767,0.0
0.1,>0.5,30,2022-05+,excess_ret,15,-0.0027289743307918994,0.6066666666666667
0.1,>0.5,30,2022-05+,p_leg,15,0.34141791044776115,0.0
0.1,>0.8,10,2012+,excess_ret,42,0.001016257235685129,0.4533333333333333
0.1,>0.8,10,2012+,p_leg,42,0.37225667153784375,0.0
0.1,>0.8,10,2019Q4+,excess_ret,18,-0.0035788040597281023,0.7233333333333334
0.1,>0.8,10,2019Q4+,p_leg,18,0.3370793650793651,0.0
0.1,>0.8,10,2022-05+,excess_ret,9,0.005958168035998612,0.23333333333333334
0.1,>0.8,10,2022-05+,p_leg,9,0.32692307692307687,0.03666666666666667
0.1,>0.8,20,2012+,excess_ret,42,0.0117664104924014,0.02
0.1,>0.8,20,2012+,p_leg,42,0.3331947139820719,0.0
0.1,>0.8,20,2019Q4+,excess_ret,18,0.002622267330064298,0.48333333333333334
0.1,>0.8,20,2019Q4+,p_leg,18,0.36340996168582373,0.0
0.1,>0.8,20,2022-05+,excess_ret,9,-0.00799179055254234,0.8166666666666667
0.1,>0.8,20,2022-05+,p_leg,9,0.4796672828096118,0.01
0.1,>0.8,30,2012+,excess_ret,42,0.012892042795896968,0.06
0.1,>0.8,30,2012+,p_leg,42,0.22355931530243456,0.0
0.1,>0.8,30,2019Q4+,excess_ret,18,0.0029017110026630343,0.4866666666666667
0.1,>0.8,30,2019Q4+,p_leg,18,0.23346178548490681,0.0
0.1,>0.8,30,2022-05+,excess_ret,9,0.0128041837388147,0.19333333333333333
0.1,>0.8,30,2022-05+,p_leg,9,0.34141791044776115,0.03666666666666667
0.2,none,10,2012+,excess_ret,107,0.0016754449502053032,0.23666666666666666
0.2,none,10,2012+,p_leg,107,0.13972440629529814,0.0
0.2,none,10,2019Q4+,excess_ret,51,-0.0019742347705334847,0.68
0.2,none,10,2019Q4+,p_leg,51,0.16387675070028018,0.0033333333333333335
0.2,none,10,2022-05+,excess_ret,26,-0.0009403466884230363,0.6066666666666667
0.2,none,10,2022-05+,p_leg,26,0.16025641025641024,0.023333333333333334
0.2,none,20,2012+,excess_ret,107,-0.0007070050270380403,0.5866666666666667
0.2,none,20,2012+,p_leg,107,0.14472119373285064,0.0
0.2,none,20,2019Q4+,excess_ret,51,-0.006747193107532835,0.8833333333333333
0.2,none,20,2019Q4+,p_leg,51,0.14445571331981066,0.0
0.2,none,20,2022-05+,excess_ret,26,-0.0048372109048127184,0.8533333333333334
0.2,none,20,2022-05+,p_leg,26,0.13351343665576565,0.03
0.2,none,30,2012+,excess_ret,107,-0.0012238898195472032,0.6233333333333333
0.2,none,30,2012+,p_leg,107,0.09538842077639986,0.0
0.2,none,30,2019Q4+,excess_ret,51,-0.005701773650199395,0.7833333333333333
0.2,none,30,2019Q4+,p_leg,51,0.11254675280516824,0.01
0.2,none,30,2022-05+,excess_ret,26,-0.0055582650354595465,0.83
0.2,none,30,2022-05+,p_leg,26,0.14911021814006886,0.01
0.2,>0.5,10,2012+,excess_ret,92,0.003501974192813364,0.07
0.2,>0.5,10,2012+,p_leg,92,0.170910915844262,0.0
0.2,>0.5,10,2019Q4+,excess_ret,43,0.00046704461613599185,0.4866666666666667
0.2,>0.5,10,2019Q4+,p_leg,43,0.21950830564784052,0.0
0.2,>0.5,10,2022-05+,excess_ret,22,0.0007190296906205394,0.47333333333333333
0.2,>0.5,10,2022-05+,p_leg,22,0.2511655011655012,0.0033333333333333335
0.2,>0.5,20,2012+,excess_ret,92,0.0020964965369222547,0.33666666666666667
0.2,>0.5,20,2012+,p_leg,92,0.18464398934439075,0.0
0.2,>0.5,20,2019Q4+,excess_ret,43,-0.0016409104039076788,0.5733333333333334
0.2,>0.5,20,2019Q4+,p_leg,43,0.23291900561347234,0.0
0.2,>0.5,20,2022-05+,excess_ret,22,-0.0032710434870201564,0.6766666666666666
0.2,>0.5,20,2022-05+,p_leg,22,0.29784910099143,0.0
0.2,>0.5,30,2012+,excess_ret,92,0.0028820052085936024,0.3466666666666667
0.2,>0.5,30,2012+,p_leg,92,0.15989471902914265,0.0
0.2,>0.5,30,2019Q4+,excess_ret,43,0.0014581252098164778,0.45666666666666667
0.2,>0.5,30,2019Q4+,p_leg,43,0.24250571313348568,0.0
0.2,>0.5,30,2022-05+,excess_ret,22,0.002059261530169887,0.37
0.2,>0.5,30,2022-05+,p_leg,22,0.34141791044776115,0.0
0.2,>0.8,10,2012+,excess_ret,65,0.006320887919893261,0.02666666666666667
0.2,>0.8,10,2012+,p_leg,65,0.26639586567703794,0.0
0.2,>0.8,10,2019Q4+,excess_ret,27,0.0001664647283427011,0.5433333333333333
0.2,>0.8,10,2019Q4+,p_leg,27,0.3185608465608466,0.0
0.2,>0.8,10,2022-05+,excess_ret,14,0.008138597694111054,0.11666666666666667
0.2,>0.8,10,2022-05+,p_leg,14,0.30311355311355315,0.006666666666666667
0.2,>0.8,20,2012+,excess_ret,65,0.006776594378246388,0.10333333333333333
0.2,>0.8,20,2012+,p_leg,65,0.2229383037256616,0.0
0.2,>0.8,20,2019Q4+,excess_ret,27,-0.00528721771228537,0.7266666666666667
0.2,>0.8,20,2019Q4+,p_leg,27,0.30785440613026815,0.0
0.2,>0.8,20,2022-05+,excess_ret,14,-0.008865179580289189,0.87
0.2,>0.8,20,2022-05+,p_leg,14,0.4082387113810404,0.0
0.2,>0.8,30,2012+,excess_ret,65,0.00880191869552211,0.11333333333333333
0.2,>0.8,30,2012+,p_leg,65,0.1664164581595775,0.01
0.2,>0.8,30,2019Q4+,excess_ret,27,0.003127645542585756,0.4633333333333333
0.2,>0.8,30,2019Q4+,p_leg,27,0.2519803040034253,0.0
0.2,>0.8,30,2022-05+,excess_ret,14,0.011435147212323686,0.16666666666666666
0.2,>0.8,30,2022-05+,p_leg,14,0.34141791044776115,0.0
0.3,none,10,2012+,excess_ret,133,-0.0011920527010856703,0.6733333333333333
0.3,none,10,2012+,p_leg,133,0.11787070662556304,0.0
0.3,none,10,2019Q4+,excess_ret,62,-0.0028361535996336497,0.7933333333333333
0.3,none,10,2019Q4+,p_leg,62,0.14711520737327188,0.0
0.3,none,10,2022-05+,excess_ret,36,-0.005680442322005736,0.9266666666666666
0.3,none,10,2022-05+,p_leg,36,0.13247863247863245,0.006666666666666667
0.3,none,20,2012+,excess_ret,132,0.0003536031722141675,0.43
0.3,none,20,2012+,p_leg,132,0.1059219867093446,0.0
0.3,none,20,2019Q4+,excess_ret,61,-0.0014705495257292273,0.64
0.3,none,20,2019Q4+,p_leg,61,0.1402769926512154,0.0
0.3,none,20,2022-05+,excess_ret,35,-0.0012054921238551612,0.6266666666666667
0.3,none,20,2022-05+,p_leg,35,0.13681013995246893,0.016666666666666666
0.3,none,30,2012+,excess_ret,131,-0.0008790926759943002,0.6133333333333333
0.3,none,30,2012+,p_leg,131,0.08397371006797438,0.0033333333333333335
0.3,none,30,2019Q4+,excess_ret,60,-0.00355716523492516,0.7233333333333334
0.3,none,30,2019Q4+,p_leg,60,0.12235067437379576,0.0
0.3,none,30,2022-05+,excess_ret,34,-0.0023802068147952583,0.6866666666666666
0.3,none,30,2022-05+,p_leg,34,0.13553555750658464,0.0033333333333333335
0.3,>0.5,10,2012+,excess_ret,123,0.002541815009544028,0.14
0.3,>0.5,10,2012+,p_leg,123,0.14519511520799477,0.0
0.3,>0.5,10,2019Q4+,excess_ret,58,0.0021717473788982035,0.3
0.3,>0.5,10,2019Q4+,p_leg,58,0.18382266009852222,0.0
0.3,>0.5,10,2022-05+,excess_ret,34,-0.00048308504014739264,0.55
0.3,>0.5,10,2022-05+,p_leg,34,0.1896681749622926,0.0
0.3,>0.5,20,2012+,excess_ret,122,0.004207232592984177,0.09333333333333334
0.3,>0.5,20,2012+,p_leg,122,0.14740236425529596,0.0
0.3,>0.5,20,2019Q4+,excess_ret,57,0.0036628179453091995,0.27666666666666667
0.3,>0.5,20,2019Q4+,p_leg,57,0.20843920145190564,0.0
0.3,>0.5,20,2022-05+,excess_ret,33,0.003326397896634312,0.2633333333333333
0.3,>0.5,20,2022-05+,p_leg,33,0.23724304038536936,0.0
0.3,>0.5,30,2012+,excess_ret,121,0.006130588931212129,0.04666666666666667
0.3,>0.5,30,2012+,p_leg,121,0.12674703667197418,0.0
0.3,>0.5,30,2019Q4+,excess_ret,56,0.009768365102318221,0.07333333333333333
0.3,>0.5,30,2019Q4+,p_leg,56,0.1997316267547481,0.0
0.3,>0.5,30,2022-05+,excess_ret,32,0.01163844475978756,0.02666666666666667
0.3,>0.5,30,2022-05+,p_leg,32,0.24766791044776115,0.0
0.3,>0.8,10,2012+,excess_ret,87,0.005026782695469216,0.03666666666666667
0.3,>0.8,10,2012+,p_leg,87,0.22201036611912456,0.0
0.3,>0.8,10,2019Q4+,excess_ret,39,0.0013479366687202243,0.42
0.3,>0.8,10,2019Q4+,p_leg,39,0.2302417582417583,0.0
0.3,>0.8,10,2022-05+,excess_ret,21,0.0038842644000725863,0.23
0.3,>0.8,10,2022-05+,p_leg,21,0.23168498168498164,0.0
0.3,>0.8,20,2012+,excess_ret,86,0.005698173551274829,0.10666666666666667
0.3,>0.8,20,2012+,p_leg,86,0.1859078922766455,0.0
0.3,>0.8,20,2019Q4+,excess_ret,38,-0.004416659191760003,0.7533333333333333
0.3,>0.8,20,2019Q4+,p_leg,38,0.23475499092558982,0.0
0.3,>0.8,20,2022-05+,excess_ret,20,-0.007364385955212889,0.8566666666666667
0.3,>0.8,20,2022-05+,p_leg,20,0.3296672828096118,0.0
0.3,>0.8,30,2012+,excess_ret,85,0.00667375661161511,0.10666666666666667
0.3,>0.8,30,2012+,p_leg,85,0.1546517522772245,0.0033333333333333335
0.3,>0.8,30,2019Q4+,excess_ret,37,0.0003833794853312332,0.5233333333333333
0.3,>0.8,30,2019Q4+,p_leg,37,0.23496328698640834,0.0
0.3,>0.8,30,2022-05+,excess_ret,19,0.011790759197153475,0.11
0.3,>0.8,30,2022-05+,p_leg,19,0.34141791044776115,0.0
0.4,none,10,2012+,excess_ret,157,-0.00023765950010155162,0.5133333333333333
0.4,none,10,2012+,p_leg,157,0.012990672144455817,0.37666666666666665
0.4,none,10,2019Q4+,excess_ret,74,0.000669045751082971,0.4
0.4,none,10,2019Q4+,p_leg,74,0.033776061776061794,0.25
0.4,none,10,2022-05+,excess_ret,45,0.0007244973930895767,0.4
0.4,none,10,2022-05+,p_leg,45,-0.006410256410256443,0.58
0.4,none,20,2012+,excess_ret,156,0.0003374183842561971,0.43666666666666665
0.4,none,20,2012+,p_leg,156,0.012681893469251304,0.39666666666666667
0.4,none,20,2019Q4+,excess_ret,73,0.001536431115728605,0.36333333333333334
0.4,none,20,2019Q4+,p_leg,73,0.04910250354274914,0.11666666666666667
0.4,none,20,2022-05+,excess_ret,44,0.0039805775822496555,0.15333333333333332
0.4,none,20,2022-05+,p_leg,44,0.04784910099143003,0.19333333333333333
0.4,none,30,2012+,excess_ret,155,-0.0008060203049855812,0.63
0.4,none,30,2012+,p_leg,155,0.024480974288609736,0.19666666666666666
0.4,none,30,2019Q4+,excess_ret,72,-0.0022204162229214064,0.68
0.4,none,30,2019Q4+,p_leg,72,0.039017341040462394,0.14333333333333334
0.4,none,30,2022-05+,excess_ret,43,-0.00041890110519395354,0.5333333333333333
0.4,none,30,2022-05+,p_leg,43,0.062348143005900636,0.07666666666666666
0.4,>0.5,10,2012+,excess_ret,149,0.0021713278485566666,0.13333333333333333
0.4,>0.5,10,2012+,p_leg,149,0.08446504482004252,0.0033333333333333335
0.4,>0.5,10,2019Q4+,excess_ret,72,0.0045421805035011,0.08666666666666667
0.4,>0.5,10,2019Q4+,p_leg,72,0.08707936507936509,0.013333333333333334
0.4,>0.5,10,2022-05+,excess_ret,44,0.002237858775084806,0.26
0.4,>0.5,10,2022-05+,p_leg,44,0.06934731934731936,0.10666666666666667
0.4,>0.5,20,2012+,excess_ret,148,0.0031694377957862258,0.12
0.4,>0.5,20,2012+,p_leg,148,0.08769921848657636,0.0
0.4,>0.5,20,2019Q4+,excess_ret,71,0.006523612460492179,0.06666666666666667
0.4,>0.5,20,2019Q4+,p_leg,71,0.13727537639630893,0.0
0.4,>0.5,20,2022-05+,excess_ret,43,0.00493037804066288,0.13666666666666666
0.4,>0.5,20,2022-05+,p_leg,43,0.17734170141426298,0.0
0.4,>0.5,30,2012+,excess_ret,147,0.004261909793771305,0.10333333333333333
0.4,>0.5,30,2012+,p_leg,147,0.08750489353372715,0.0
0.4,>0.5,30,2019Q4+,excess_ret,70,0.009800347272051781,0.056666666666666664
0.4,>0.5,30,2019Q4+,p_leg,70,0.1461601981833195,0.0
0.4,>0.5,30,2022-05+,excess_ret,42,0.01048988038692326,0.023333333333333334
0.4,>0.5,30,2022-05+,p_leg,42,0.19856076759061825,0.0
0.4,>0.8,10,2012+,excess_ret,98,0.002724588141808121,0.13666666666666666
0.4,>0.8,10,2012+,p_leg,98,0.16137231779634714,0.0
0.4,>0.8,10,2019Q4+,excess_ret,44,0.0013858533005224301,0.4033333333333333
0.4,>0.8,10,2019Q4+,p_leg,44,0.1603116883116883,0.0
0.4,>0.8,10,2022-05+,excess_ret,25,0.0011080306084093926,0.38333333333333336
0.4,>0.8,10,2022-05+,p_leg,25,0.14025641025641022,0.02
0.4,>0.8,20,2012+,excess_ret,97,0.002245777047186509,0.31666666666666665
0.4,>0.8,20,2012+,p_leg,97,0.14934591673121278,0.0033333333333333335
0.4,>0.8,20,2019Q4+,excess_ret,43,-0.0031416480689569507,0.7433333333333333
0.4,>0.8,20,2019Q4+,p_leg,43,0.18640737770649562,0.0
0.4,>0.8,20,2022-05+,excess_ret,24,-0.00851405973148997,0.93
0.4,>0.8,20,2022-05+,p_leg,24,0.31300061614294516,0.0
0.4,>0.8,30,2012+,excess_ret,96,0.0019352846951489807,0.4
0.4,>0.8,30,2012+,p_leg,96,0.1268331248262441,0.0033333333333333335
0.4,>0.8,30,2019Q4+,excess_ret,42,-0.003252074130894074,0.7133333333333334
0.4,>0.8,30,2019Q4+,p_leg,42,0.16996972199284333,0.0
0.4,>0.8,30,2022-05+,excess_ret,23,0.0008202150406764509,0.4166666666666667
0.4,>0.8,30,2022-05+,p_leg,23,0.29793964957819596,0.0
