year,lagging,kind,date,weekday,dom,month,q4_rel_pct,ytd_gap_sep30_pct,move_1d_pct,move_2d_pct,gap_share,next5_pct,leg10_rel_pct,earnings_pm1,election_pm2,tdays_to_opex,tdays_since_opex,opex_bucket,ret20,ret40,dd_52w,vs_200d,rv20,rv_ratio,vol_x,ytd_gap,spx_gex_pct,dix_pct,vix,vix_vix3m,spx_ret20,spx_dd
2012,True,leg,2012-10-26,Fri,26,10,15.651962695598876,-11.240165462707898,-0.5100540154816313,2.192324193997186,-0.07116009863361822,12.90018028190861,16.916909410491066,False,False,15,5.0,week after opex,-0.03463979612812862,-0.03182804708553344,-0.2759798636968279,-0.11137214611473034,0.31492834461135033,0.5715352826178425,0.5769787765293384,-0.15659306820761812,0.1952191235059761,0.06374501992031872,18.1200008392334,0.9481946761120511,-0.023902270577452533,
2012,True,burst,2012-11-05,Mon,5,11,15.651962695598876,-11.240165462707898,8.545411697800176,7.428105620165036,0.35077533471046746,-1.3744971002053714,,True,True,9,11.0,week before opex week,-0.013053972280575366,0.03447386969889954,-0.2391475792233726,-0.06755547909387594,0.33410118542648937,0.632784101654575,1.0144242603258997,-0.10789165673029488,0.15139442231075698,0.06374501992031872,17.59000015258789,0.9482480256627343,-0.025682109688250243,
2013,False,leg,2013-12-02,Mon,2,12,-34.576274776681394,157.6762554205427,-2.473781723462487,12.827322222087565,0.2964522955984901,13.135455712629957,18.243810268495686,False,False,14,11.0,other weeks,-0.22840940499013662,-0.3086924929600374,-0.34177996265889166,0.14956389167760964,0.8695289532775152,1.3818894856732085,0.8496041062770251,1.0840729913822909,0.952191235059761,0.8565737051792829,13.699999809265137,0.9115103162118863,0.027663289773235178,-0.0007856896412440362
2013,False,burst,2013-10-24,Thu,24,10,-34.576274776681394,157.6762554205427,5.12476300294189,3.0885850622036584,0.059219466619526415,-7.935944470698357,,False,False,16,4.0,week after opex,-0.11874162260569099,-0.015143058518421793,-0.1492991847186419,0.6992819427337598,0.503099895952063,0.6893193619471552,1.4889367053234595,1.3767653930233608,0.9203187250996016,0.7649402390438247,13.420000076293945,0.8881535659309909,0.03117882490824364,-0.004724557241463034
2013,False,burst,2013-11-04,Mon,4,11,-34.576274776681394,157.6762554205427,7.728309523568999,8.643053254944954,0.22385703436379892,-19.126558549245647,,True,False,9,11.0,week before opex week,-0.10974142126846376,-0.02916904776546403,-0.1613487126579669,0.5995564478732338,0.4710238897750096,0.7782828979902898,0.8026379768059243,1.3531492314436095,0.9243027888446215,0.896414342629482,13.279999732971191,0.8818060665969881,0.04122085850824675,-0.0058184129391573025
2013,False,burst,2013-11-27,Wed,27,11,-34.576274776681394,157.6762554205427,5.206493862280626,5.473970730079191,0.12867561526433943,10.135042371367552,,False,False,17,8.0,other weeks,-0.31107855274521423,-0.47104050917129037,-0.376842328287199,0.09712260091837344,0.8394551721236029,1.328868995157726,1.2141760994740363,1.0311028450978867,0.9641434262948207,0.649402390438247,12.8100004196167,0.8804123884323961,0.01723266929038303,-0.0011137268970660141
2013,False,burst,2013-12-12,Thu,12,12,-34.576274776681394,157.6762554205427,5.448541021007491,5.5705261684507645,0.0065677309644156575,-4.685264534597838,,False,False,6,19.0,week before opex week,0.013335894450536845,-0.2754702829151894,-0.2778093088225655,0.21629871681488222,0.7757435398822414,1.1622140661269804,0.6202009757708199,1.189499621042745,0.7290836653386454,0.4860557768924303,15.420000076293945,0.964352739025439,0.008186185452043304,-0.014460549823692381
2013,False,burst,2013-12-24,Tue,24,12,-34.576274776681394,157.6762554205427,5.33080007369815,7.996236920692025,0.8244901104964691,-0.8689589759253938,,False,False,18,2.0,week after opex,0.16775725332773517,-0.16711309252848405,-0.2576407752237796,0.20433304460180413,0.6959431446159868,1.0498219655719265,0.4939873969235285,1.1959494640223627,0.9561752988047809,0.199203187250996,13.039999961853027,0.8980715944041651,0.012789372848733827,0.0
2014,False,leg,2014-12-16,Tue,16,12,-12.955655604552296,41.361927908971474,-3.1009110024997177,0.8685876433143992,0.5017416204315114,11.071995119812067,7.938734729386976,False,False,3,17.0,opex week,-0.2372756740015416,-0.10874621999788436,-0.28667313740932776,-0.11792537444206785,0.309763881478533,0.7769787827469717,0.9260432471761564,0.22763255332842855,0.07171314741035857,0.05976095617529881,20.420000076293945,0.9696106644882196,-0.024912848082599304,-0.04131316703204768
2014,False,burst,2014-10-28,Tue,28,10,-12.955655604552296,41.361927908971474,9.092476874045996,7.150094985445239,0.38657152414805057,-1.5943902720525083,,False,False,18,7.0,other weeks,-0.10112916982713971,-0.1961204234776872,-0.22503841336643116,-0.009993415529344851,0.4790035257775009,1.1571340637157868,1.817512485136742,0.32743992908403596,0.30278884462151395,0.6374501992031872,16.040000915527344,0.8980963251608538,-0.008209377772037563,-0.024724554943384658
2014,False,burst,2014-12-18,Thu,18,12,-12.955655604552296,41.361927908971474,5.868507914970822,6.339310690328529,0.5346363361172387,4.286880291537762,,False,False,1,19.0,opex week,-0.224794192098968,-0.13402931004741658,-0.2804502820714352,-0.10822822951355837,0.35519963771125374,0.8776352028521666,1.2532616645971184,0.22495524320902852,0.1553784860557769,0.44621513944223107,19.440000534057617,0.9515418621473366,-0.019145972836031255,-0.03010552287595536
2015,False,leg,2015-10-23,Fri,23,10,-9.627572898413117,18.059195909693436,-1.2499911621996596,1.6581956782442984,-1.229875869959178,-1.038421360892799,9.340473015121553,False,False,20,5.0,week after opex,-0.2173454735609539,-0.06012435981914477,-0.24991141025747587,-0.08685368306053609,0.3967583483289269,1.0129109338319358,0.6523355422660417,-0.04789467893862466,0.5856573705179283,0.3665338645418327,14.449999809265137,0.8420745884472914,0.06038349257400366,-0.03675113622054671
2015,False,burst,2015-11-04,Wed,4,11,-9.627572898413117,18.059195909693436,10.592191360056713,10.652609943010013,0.8093757333024975,-5.57043366190165,,True,False,12,13.0,other weeks,-0.14748448102304756,-0.17489458986393513,-0.2618507532459423,-0.10322680903391002,0.4101832733903422,1.03188594980358,2.0626531673144046,-0.09152065464205458,0.8764940239043825,0.7848605577689243,14.539999961853027,0.8322839458120813,0.06353197293817914,-0.0098694533664061
2015,False,burst,2015-11-25,Wed,25,11,-9.627572898413117,18.059195909693436,5.087162574256432,5.941374628934773,0.2763572685498682,1.3280205665490323,,False,False,17,3.0,week after opex,0.03686845038360831,-0.12232907963942141,-0.22677671593972737,-0.06391617382703163,0.5177365438026834,1.1778005399424245,0.6582100444503417,-0.03724821754282684,0.5856573705179283,0.46613545816733065,15.930000305175781,0.8514164128632169,0.011191372320967119,-0.019560626633923883
2015,False,burst,2015-12-16,Wed,16,12,-9.627572898413117,18.059195909693436,5.892837348959024,5.4140996627934435,0.07734694002627504,-2.0724160633564725,,False,False,2,18.0,opex week,0.031146337131867874,-0.031214301499760122,-0.21671509031997926,-0.058001774712105436,0.3299912063539568,0.7372982387849515,0.6999641347908123,-0.003468361506133681,0.2549800796812749,0.04780876494023904,20.950000762939453,0.9583714628543428,-0.004774655013664031,-0.04102178099298115
2016,True,leg,2016-12-12,Mon,12,12,1.3380047060711053,-22.159742168880854,0.12999985316772822,3.0591868237482633,2.477648007624614,5.214257999541302,13.166801325909994,False,False,4,16.0,opex week,0.036186532922373615,-0.04108415359253348,-0.275940051106477,-0.10353790158746601,0.35979804845817936,1.0788418904357133,0.638837070148886,-0.32755474938538537,0.9681274900398407,0.17131474103585656,11.75,0.772010498938959,0.041591646622054945,0.0
2017,False,leg,2017-12-01,Fri,1,12,-15.161330553377406,35.08260829143634,-0.7540103666392906,-1.188844639109346,1.472439847540196,2.7669641710069937,10.600412613713805,False,False,10,10.0,other weeks,-0.03883454783058049,-0.13929023993011924,-0.19779224158981912,-0.04588965533459488,0.37440931110521775,1.0220040957119225,0.804169053646998,0.19810737234294468,0.852589641434263,0.0199203187250996,11.279999732971191,0.865030656899501,0.026104696938730854,0.0
2018,True,leg,2018-10-19,Fri,19,10,37.989995293826695,-24.769264795667883,-1.4926570471279987,-1.1279263258624652,-0.8776396890692111,24.113463306228308,30.285010725021078,False,False,0,0.0,opex week,-0.12259210240331342,-0.1978247954453014,-0.3047132295007444,-0.15525972241488661,0.9488869946490786,1.4957090316527264,0.6513751546973938,-0.2004344783010941,0.01593625498007968,0.5896414342629482,20.059999465942383,1.0100704355208618,-0.0568515624215955,-0.05526570697027211
2018,True,burst,2018-10-01,Mon,1,10,37.989995293826695,-24.769264795667883,15.996630906971676,12.831524975555283,0.900012494496879,-21.51293654564474,,False,False,14,6.0,other weeks,-0.13536618970994496,-0.2777565476475399,-0.3024475212168479,-0.16277323058998838,0.744189855722015,1.3173774575333563,4.170218303269902,-0.24769264795667884,0.38247011952191234,0.35856573705179284,12.119999885559082,0.8205822281602132,0.004419561753638668,-0.005722091454832379
2018,True,burst,2018-10-16,Tue,16,10,37.989995293826695,-24.769264795667883,6.343279597153639,4.588951796526287,0.3667565293985218,6.15195842771335,,False,False,3,17.0,opex week,-0.12732939412823807,-0.16284633567554208,-0.3160945336800902,-0.1709033450681876,0.9364524869378035,1.4918184992095673,0.7354860139030582,-0.2096769610461277,0.01195219123505976,0.6454183266932271,21.299999237060547,1.049778130899949,-0.04895305053236498,-0.06140406412607691
2018,True,burst,2018-10-23,Tue,23,10,37.989995293826695,-24.769264795667883,11.972696455952736,10.03662343020577,0.09294227057422154,11.473377077645672,,True,False,18,2.0,week after opex,-0.13838635575164648,-0.2127660442563628,-0.3125114900331524,-0.16325782490915242,0.9490240326392778,1.496974205295377,0.6803664062784737,-0.20667216790025378,0.05179282868525897,0.4103585657370518,19.639999389648438,0.9909182488422144,-0.05763111140233246,-0.0596673606372089
2018,True,burst,2018-11-26,Mon,26,11,37.989995293826695,-24.769264795667883,6.006303506598432,5.403327164651367,-0.04246434699027478,3.546189815860469,,False,False,19,6.0,other weeks,0.03424765076591241,0.057835657511580596,-0.14158125318036952,0.046899048277194266,0.38596798751542283,0.5784668718990125,0.5306916189971083,0.05907809094862671,0.055776892430278883,0.7051792828685259,21.520000457763672,0.9894253084029274,-0.02735585720694811,-0.10174526704981657
2018,True,burst,2018-12-26,Wed,26,12,37.989995293826695,-24.769264795667883,9.887683028497696,6.785695414580164,0.15661849379592427,-8.219160109667136,,False,False,17,3.0,week after opex,-0.09807924415406433,-0.06383159338815192,-0.22177725628070932,-0.05520110190661909,0.5186810864672079,0.7921323301244578,0.7543757292882147,0.07732996119597163,0.01195219123505976,0.7529880478087649,36.06999969482422,1.2506934640770992,-0.11307343376517931,-0.19778210435681998
2019,True,leg,2019-10-11,Fri,11,10,47.085394041439386,-49.510082857308596,1.278862143635262,4.872401299590644,0.766232931374111,3.5896421387540824,26.262814161393287,False,False,5,15.0,week before opex week,-0.004606476211810762,0.1082976897400596,-0.3504604675937649,-0.0464812176050301,0.4365703772489996,0.9087378413686681,1.0795306164524774,-0.4671957730291611,0.44223107569721115,0.41434262948207173,17.56999969482422,0.935071784924983,-0.024023949451545512,-0.028993483338568438
2019,True,burst,2019-10-24,Thu,24,10,47.085394041439386,-49.510082857308596,16.270738674075822,25.3402058139031,0.9730747990721956,4.96034361081064,,True,False,16,4.0,week after opex,0.10759671700484796,0.17365803502223898,-0.3240797387045251,0.004023681090264741,0.3344737296065905,0.7220605647527646,0.8737627051086162,-0.44977541863650383,0.5378486055776892,0.3944223107569721,14.010000228881836,0.8600367981273561,0.006561593884041983,-0.007052569230904582
2019,True,burst,2019-12-16,Mon,16,12,47.085394041439386,-49.510082857308596,6.248899060660218,5.588802398173255,0.18468171339370748,9.428502442721374,,False,False,4,21.0,opex week,0.025547500812337365,0.3133918489151113,-0.020015816948355414,0.389175623398591,0.3252808946241997,0.6689178640687241,0.9494696991590325,-0.16468976799319987,0.9721115537848606,0.9840637450199203,12.630000114440918,0.8265707025627689,0.023038597179533937,0.0
2020,False,leg,2020-11-16,Mon,16,11,38.75347616569069,159.49619758663354,-0.10042223136039752,7.793522391549526,-1.047599393725168,24.589244338251163,35.02434005101556,False,False,4,21.0,opex week,-0.07353252440881164,-0.07915722556429561,-0.18024563183041065,0.5722100102657472,0.4327414181372135,0.5367548858622329,0.4768003819978681,1.4789636165989204,0.7928286852589641,0.50199203187251,23.100000381469727,0.8991825574641663,0.0286737476365424,0.0
2020,False,burst,2020-11-03,Tue,3,11,38.75347616569069,159.49619758663354,5.6758916784419355,4.984659704908236,0.40098854297191666,-3.2462775249442655,,False,True,13,12.0,other weeks,-0.06094915406461432,-0.043508024216634134,-0.19627957718409395,0.6269863718489597,0.3976682366003753,0.4981017337170494,0.5579049559767773,1.5403240737114647,0.099601593625498,0.16733067729083664,37.130001068115234,1.0590416318808578,-0.02928098709578819,-0.07556888635472492
2020,False,burst,2020-11-17,Tue,17,11,38.75347616569069,159.49619758663354,7.89394462290991,17.60368994185646,1.5215238875732016,22.92253698900669,,False,False,3,22.0,opex week,-0.054225855651029775,-0.09640334295994535,-0.18106843425117858,0.5630493779941028,0.4283021914187416,0.5317429167070378,0.6675081422085375,1.4655541090320938,0.7410358565737052,0.32270916334661354,22.450000762939453,0.8856015946788661,0.056719146074316384,0.0
2020,False,burst,2020-12-07,Mon,7,12,38.75347616569069,159.49619758663354,6.888605629282196,8.145937732617066,0.14179760334502287,-0.3011850683088439,,False,False,9,11.0,week before opex week,0.3129039768081636,0.34107684208718414,0.0,1.0959201887369674,0.6063563792416351,0.7534800184434551,0.7962555975782983,1.8295147616270344,0.6135458167330677,0.20318725099601595,20.790000915527344,0.8559077864108836,0.052350764725227705,0.0
2020,False,burst,2020-12-17,Thu,17,12,38.75347616569069,159.49619758663354,5.183107739238668,10.973461591813976,0.16718581208759525,0.890971794878891,,False,False,1,19.0,opex week,0.34375007603297547,0.38931412198292215,-0.0417153952163315,1.0421404596522819,0.6660133659005237,0.814077725505737,1.1400521876426053,1.8674988147428846,1.0,0.5697211155378487,22.5,0.8833922499637739,0.025071386692850695,-0.0002917355999729754
2021,False,leg,2021-10-20,Wed,20,10,20.805227788349168,-4.351377268909666,0.17687488821671593,3.3820567899098575,0.7060835082833067,18.12622390039323,31.106045560690543,True,False,22,3.0,week after opex,0.15607318285512495,0.20184512653877196,-0.021311573304492848,0.2178161377174963,0.21407194605329594,0.614563172067386,1.0101620050853615,0.016003601653060445,0.852589641434263,0.796812749003984,15.699999809265137,0.7857857942427091,0.03729151972054545,-0.0038176113367731634
2021,False,burst,2021-10-25,Mon,25,10,20.805227788349168,-4.351377268909666,11.921843486746742,11.29246199081703,0.368456797032385,16.48984094927352,,False,False,19,6.0,other weeks,0.1610172061454973,0.26035673614017085,0.0,0.2785379728096402,0.22101688778210837,0.649579665789377,1.2950015705872864,0.06172308889908254,0.350597609561753,0.7609561752988048,15.430000305175781,0.7711144492094798,0.01987090885728371,-0.0010725536274130976
2021,False,burst,2021-11-01,Mon,1,11,20.805227788349168,-4.351377268909666,8.149724419582505,5.075449621624503,0.33678981080216336,-3.8503129504162543,,False,False,14,11.0,other weeks,0.3625655469034763,0.41939926891493595,0.0,0.5544313672081576,0.4410904267697919,1.1932767617424505,1.6190705540147468,0.25090494525754403,0.5776892430278885,0.7649402390438247,16.260000228881836,0.7982326734893627,0.05543222317065499,0.0
2021,False,burst,2021-12-22,Wed,22,12,20.805227788349168,-4.351377268909666,7.227140942458732,12.829143509877333,0.39430516436102836,5.914543354351053,,False,False,22,3.0,week after opex,-0.20915854312847326,-0.08799649498322548,-0.2369116720189235,0.2209703141755075,0.5694968514843117,1.2037038852833162,0.9449952233528496,0.07124537902192382,0.4302788844621514,0.8167330677290837,21.010000228881836,0.8404000091552735,-0.007224495018665067,-0.013325503457590648
2022,False,leg,2022-11-21,Mon,21,11,-83.53318497011574,0.12939465510894976,-7.082202204033461,-5.874295663689152,0.34424983863445324,7.436753227526857,7.0694481897410455,False,False,19,1.0,week after opex,-0.1740181270565797,-0.4239584661846614,-0.5494423912098753,-0.3316132611823702,0.5708131704024827,0.9773331356116969,1.0253150647993663,-0.48861709464596825,0.5936254980079682,0.5338645418326693,23.1200008392334,0.9127517137335502,0.05510271933228594,-0.17329501987864637
2022,False,burst,2022-10-17,Mon,17,10,-83.53318497011574,0.12939465510894976,6.770743117966127,7.152959682639383,0.359439608369535,-3.7626389200403856,,False,False,4,21.0,opex week,-0.39192605025065586,-0.39034243016000225,-0.4999877920755236,-0.28192207146984327,0.5793014843893997,0.879482291875109,1.4298529047625559,-0.25767671684857546,0.09561752988047809,0.46613545816733065,32.02000045776367,0.9867488352830217,-0.07789462842856665,-0.252991722278183
2022,False,burst,2022-10-25,Tue,25,10,-83.53318497011574,0.12939465510894976,5.152521192099346,6.14568518831422,-0.10594093905275735,2.3988397462636186,,False,False,18,2.0,week after opex,-0.2673948660889822,-0.3102306523690226,-0.48471839556310425,-0.24793779234897095,0.6834988494915103,1.0551048097782405,1.5292546834440917,-0.28528985425640346,0.49800796812749004,0.5816733067729084,29.850000381469727,0.9841741001172519,0.03819379702165726,-0.20832012077340178
2022,False,burst,2022-11-10,Thu,10,11,-83.53318497011574,0.12939465510894976,7.132888823212635,9.848409047463601,0.939592432929779,-4.039171690183509,,False,True,6,14.0,week before opex week,-0.20152525640744035,-0.5329672972825108,-0.5559435983632559,-0.35053502087353317,0.6527475955275317,1.073687543322168,1.8664474061104068,-0.44626483666184935,0.41434262948207173,0.38645418326693226,26.09000015258789,0.9347904082846861,0.04684159681066191,-0.21848782824198043
2022,False,burst,2022-11-23,Wed,23,11,-83.53318497011574,0.12939465510894976,7.5309528931065906,7.345192942319093,0.28299356113211377,6.0881461122036695,,False,False,17,3.0,week after opex,-0.26929857150737924,-0.5099659630085975,-0.5751471007143415,-0.36654454770791234,0.5727872495384363,0.9747009200622521,1.0326693027810832,-0.5570845889945998,0.6573705179282868,0.4581673306772908,21.290000915527344,0.8934117072467163,0.036752365580854374,-0.1653226418061854
2022,False,burst,2022-11-30,Wed,30,11,-83.53318497011574,0.12939465510894976,7.390252318127732,7.390252318127676,0.11919923366745541,-11.21747774280966,,False,False,12,8.0,other weeks,-0.22976864408253128,-0.29303185549291655,-0.5478420993472848,-0.31979254035661886,0.6430779085981031,1.1052242991483794,1.0781226355428115,-0.483049523253707,0.545816733067729,0.398406374501992,21.889999389648438,0.8880324433430398,0.021879332576354216,-0.1749024645856736
2022,False,burst,2022-12-29,Thu,29,12,-83.53318497011574,0.12939465510894976,7.772640277207277,8.882856260524655,0.848081544945811,-7.462591324995637,,False,False,16,9.0,other weeks,-0.47273923339159385,-0.7025078774741251,-0.7181733337799892,-0.555566075577908,0.7434551478451621,1.2308217880642423,2.3638948412953007,-0.9076637884133878,0.24302788844621515,0.2350597609561753,22.139999389648438,0.9007322806496687,-0.04506984052425622,-0.21126392154208007
2023,False,leg,2023-11-01,Wed,1,11,-11.303788181063279,59.733191450560064,2.371578467512414,8.432320200704641,0.6665378115911079,7.694841979072336,10.421031716647366,False,False,12,8.0,other weeks,-0.20497513204730655,-0.2445810864894229,-0.31533374635162836,-0.07777350229462121,0.5242228508630185,1.0537237588747517,0.9997734875424499,0.3994476448432883,0.20318725099601595,0.11553784860557768,18.139999389648438,0.9307336892086441,-0.00846480954410822,-0.08611104904242195
2023,False,burst,2023-10-04,Wed,4,10,-11.303788181063279,59.733191450560064,5.764957536105975,5.339018829814032,0.11291350429562433,0.6982711167217313,,False,False,12,13.0,other weeks,-0.03960595444211634,-0.0197604655014878,-0.15957591239850755,0.1926078878920905,0.46550269236925534,0.9473902664798902,0.9165409611317138,0.5963493239802461,0.06772908366533864,0.8167330677290837,19.780000686645508,0.9691328189379441,-0.06130071432471418,-0.07834231910612577
2023,False,burst,2023-11-02,Thu,2,11,-11.303788181063279,59.733191450560064,6.060741733192199,6.722140455507724,0.5762822502775097,-3.981948719978156,,False,False,11,9.0,other weeks,-0.23890892273324216,-0.20288723191670766,-0.29890227643824263,-0.05724616963872964,0.4777034910151583,0.9597170033768634,1.0302015198774208,0.4125551637039632,0.49800796812749004,0.398406374501992,16.8700008392334,0.909434044909785,-0.006090662161744476,-0.07650973219311374
2023,False,burst,2023-11-14,Tue,14,11,-11.303788181063279,59.733191450560064,5.943801947754146,8.205217494660658,0.83048797008423,1.5837832487805101,,False,False,3,17.0,opex week,-0.12666864933166266,-0.17043526711007662,-0.2373695728277656,0.011795721501915768,0.5977842801906939,1.1831804400437114,1.1872215750882928,0.45604305089628594,0.896414342629482,0.5338645418326693,14.760000228881836,0.8886212935888285,0.008632756237309636,-0.038660210104286
2024,True,leg,2024-12-03,Tue,3,12,41.284231952161576,-13.66750214673489,-1.6005713052796189,0.2349575500631778,0.9324822292244404,13.195433744629574,31.088319356917005,False,False,13,12.0,other weeks,0.36061528579868973,0.3562069665974317,0.0,0.6561394406418082,0.7853728391201698,1.1363918443199537,0.9661665476300354,0.12363128045529748,0.9601593625498008,0.06374501992031872,13.34000015258789,0.8164014705027486,0.05408101990555281,0.0
2024,True,burst,2024-10-24,Thu,24,10,41.284231952161576,-13.66750214673489,19.818699146920782,23.107832552532027,0.6842632299575351,-4.166536277248358,,True,False,16,4.0,week after opex,-0.18481472661175236,0.021000569235131827,-0.1884449366742309,0.06152124955611926,0.43251033092610225,0.7693023501253718,1.0760547314346793,-0.3466125416668329,0.2788844621513944,0.6175298804780877,19.239999771118164,0.9600797850368697,0.01304918623024598,-0.011466971013860516
2024,True,burst,2024-11-06,Wed,6,11,41.284231952161576,-13.66750214673489,13.759466024737677,16.622467271177225,0.9021153829740115,13.502057083546006,,False,True,7,13.0,week before opex week,0.0279890932840825,0.10591748140321133,-0.06593855581194397,0.2394580974896412,0.8403970558427092,1.3333940807017495,0.9697794699159452,-0.1815129441896256,0.3705179282868526,0.11553784860557768,20.489999771118164,1.0148588028293755,0.005484699969782625,-0.013966712081182608
2024,True,burst,2024-11-18,Mon,18,11,41.284231952161576,-13.66750214673489,5.466435049332485,7.587030291733936,1.107155474340773,-0.0442897559268941,,False,False,24,1.0,week after opex,0.37376417270532425,0.2972479296060735,-0.08365713936941965,0.5427263372989362,1.0252780294411017,1.5047139871597002,1.4196126591307314,0.046280270152250697,0.24701195219123506,0.5896414342629482,16.139999389648438,0.9062324465821886,0.0010140688133990494,-0.02178342845217529
2024,True,burst,2024-12-06,Fri,6,12,41.284231952161576,-13.66750214673489,5.202108959673968,5.348450449205471,0.40820004830150447,11.402491278891885,,False,False,10,15.0,other weeks,0.24732458754617337,0.4271192564806592,0.0,0.6943820194528625,0.6389966091141219,0.927047623923501,1.0097979563039805,0.15276006732871164,0.9920318725099602,0.08764940239043825,13.539999961853027,0.8166465635801095,0.02433775576277064,-0.0018697756269248078
2024,True,burst,2024-12-24,Tue,24,12,41.284231952161576,-13.66750214673489,7.099116636191916,5.320391231248316,0.17232068107140858,-19.78960500912382,,False,False,18,2.0,week after opex,0.19995878549577206,0.46976214005717676,-0.10265490091230933,0.8540765378703368,0.5980274352300142,0.8641569889750488,0.8353986144890864,0.32574420902890555,0.3665338645418327,0.2788844621513944,16.780000686645508,0.8997319587059524,0.0007920653896231755,-0.019079645884312324
2025,False,leg,2025-12-02,Tue,2,12,-1.2172134343187757,-3.167744256427725,-0.2094590839921473,3.7865976897778477,-0.7430476615935488,3.6440081541345766,13.605496250084226,False,False,13,7.0,other weeks,-0.05960934973317755,0.0007210207080783348,-0.10361349606322845,0.262196448026377,0.5147623793854629,1.0609476023670494,0.6815803941081268,-0.08594145840432807,0.601593625498008,0.7211155378486056,17.239999771118164,0.8526211847955821,-0.004038774352098429,-0.011357060169807753
2025,False,burst,2025-10-06,Mon,6,10,-1.2172134343187757,-3.167744256427725,5.305409919515736,0.7555799702637692,0.4728771427423753,-3.903100439271421,,False,False,9,11.0,week before opex week,0.20305948179473976,0.2880000810216137,-0.10425957634838656,0.2823495821470958,0.5086693520850033,0.9198229599931061,1.574302552912836,-0.07027061726521644,0.7649402390438247,0.04780876494023904,16.649999618530273,0.8726414929301644,0.03550951087270704,0.0
2025,False,burst,2025-10-13,Mon,13,10,-1.2172134343187757,-3.167744256427725,5.2779538485349775,3.7382873551062907,0.454551913207919,2.6107239286527544,,False,False,4,16.0,opex week,0.043370615967409876,0.20877296870885775,-0.13831116813910305,0.2348200527388553,0.5230179371180155,0.9422840203646365,1.3624474686513328,-0.08453690248548407,0.3107569721115538,0.38645418326693226,21.65999984741211,0.9495835315451305,-0.004838367929400178,-0.02979253549421801
2025,False,burst,2025-11-24,Mon,24,11,-1.2172134343187757,-3.167744256427725,6.601727209811337,6.988740075233212,0.42318039110166095,2.70612050473295,,False,False,19,1.0,week after opex,-0.10346146425596014,-0.1187456878269808,-0.1849914385935636,0.15422623718190476,0.5226738615379176,0.9660220453063074,1.1345826542931714,-0.1493938209333458,0.20318725099601595,0.12350597609561753,23.43000030517578,0.9778798497684275,-0.02817718516501877,-0.04177978412536987
