signal,entry,exit,days,spx_ret,mae,call_ret,exit_by_pin,gpct_entry,vix_entry
2019-01-15,2019-01-16,2019-02-14,20,0.04955081150321217,0.0,1.0806872593530725,False,0.4581673306772908,19.040000915527344
2019-08-08,2019-08-09,2019-09-05,18,0.019649529602778548,-0.026741749541397186,-0.09047332967442076,True,0.3426294820717131,17.969999313354492
2020-03-23,2020-03-24,2020-04-22,20,0.14382203022585993,0.0,0.9596582294065992,False,0.1952191235059761,61.66999816894531
2020-11-04,2020-11-05,2020-12-04,20,0.05374529437533848,-0.00028771518741854685,0.58456441417549,False,0.9760956175298805,27.579999923706055
2021-03-12,2021-03-15,2021-04-06,15,0.026455426776449853,-0.0201061366526627,0.17017541075333578,True,0.7848605577689243,20.030000686645508
2021-05-14,2021-05-17,2021-06-10,17,0.018228404940972887,-0.011435634518504711,-0.18825083021606745,True,0.6812749003984063,19.719999313354492
2021-09-23,2021-09-24,2021-10-22,20,0.020069649570188863,-0.03479311324723777,-0.1195576891020331,False,0.26693227091633465,17.75
2021-12-07,2021-12-08,2022-01-06,20,-0.0010976230146868549,-0.028330991917597692,-0.889045198314109,False,0.8645418326693227,19.899999618530273
2022-02-01,2022-02-02,2022-03-03,20,-0.04922008075284201,-0.07928737478787751,-1.039847269697953,False,0.6573705179282868,22.09000015258789
2022-03-16,2022-03-17,2022-04-14,20,-0.00432491062633511,-0.00432491062633511,-0.9435026447860275,False,0.7569721115537849,25.670000076293945
2023-11-02,2023-11-03,2023-11-14,7,0.03151666838451783,-0.0025215440942517597,0.9078464543258404,True,0.7529880478087649,14.90999984741211
2025-03-17,2025-03-18,2025-04-15,20,-0.038832318852780046,-0.11254290003916922,-1.038679837907055,False,0.02390438247011952,21.700000762939453
2025-04-16,2025-04-17,2025-05-16,20,0.12790422748191377,-0.023567493023827546,2.5648777659959823,False,0.04780876494023904,29.649999618530273
2026-04-08,2026-04-09,2026-04-16,5,0.03174072026251307,-0.0011385210916523558,0.6380642829050787,True,0.44621513944223107,19.489999771118164
2026-04-17,2026-04-20,2026-04-22,2,0.0040454633150999175,-0.006348217959672997,0.005091281961026296,True,0.7370517928286853,18.8700008392334
